Workbook
Name Archivo_Edita_Nombre: Configura!$B$23
Name Archivo_Nombre: IFERROR(Nombre_Archivo,Archivo_Edita_Nombre)
Name DatosKanban: Datos!$A$2:$K$101
Name Fecha_Hoy: TODAY()
Name ListaCriticidad: Configura!$D$9:$D$11
Name ListaEstados: Configura!$B$9:$B$18
Name ListaUsuarios: Configura!$F$9:$F$23
Name miAsignado: KANBAN!$J$2
Name miCabeceraFinal: Datos!$G$1
Name miCabeceraInicio: Datos!$E$1
Name miCabeceraPrevisto: Datos!$F$1
Name miCabeceraRetraso: Datos!$I$1
Name miCabeceraTarea: Datos!$C$1
Name miCriticidad: IFERROR(MATCH(KANBAN!$O$2,Configura!$D$9:$D$11,0),"")
Name miDuración: KANBAN!$AI$2
Name miEstadoFinal: Configura!$B$20
Name miFechaInicio: KANBAN!$T$2
Name miIdioma: Configura!$B$5
Name miNúmEstadoFinal: IF(miEstadoFinal="",COUNTA(ListaEstados),MATCH(miEstadoFinal,ListaEstados,0))
Name miNúmLíneas: KANBAN!$F$2
Name miOrdenTarjeta: Configura!$I$9:$I$16
Name miRetraso: KANBAN!$AD$2
Name misAsignados: Datos!$J$2:$J$101
Name misCriticidades: Tareas!$C$2:$C$101
Name misDatosTareas: Datos!$C$1:$J$1
Name misEstados: Tareas!$B$2:$B$101
Name misFechasInicio: Datos!$E$2:$E$101
Name misFiltros: Tareas!$D$2:$D$101
Name misIdiomas: Idiomas!$B$1:INDEX(TablaIdiomas[#Headers],1,COUNTA(TablaIdiomas[#Headers]))
Name misLíneas: COUNTIF(Datos!$1:$1,"?*")+IF(ISNUMBER(miNúmLíneas),miNúmLíneas,1)-9
Name miTexto: KANBAN!$Y$2
Name Nombre_Archivo: MID(Nombre_Ruta,FIND("[",Nombre_Ruta)+1,FIND("]",Nombre_Ruta)-FIND("[",Nombre_Ruta)-1)
Name Nombre_Hoja: MID(Nombre_Ruta,FIND("]",Nombre_Ruta,1)+1,100)
Name Nombre_Ruta: CELL("nombrearchivo",!$A$1)

Sheet KANBAN
B2: =Configura!$B$2 -> Tablero KANBAN v3 ©️ | E2: =Idiomas!$A$22&" " -> Tarjetas con | F2: 8 | G2: =" "&Idiomas!$A$23 -> líneas | I2: =SUM(misFiltros)&" "&Idiomas!$A$24&" " -> 30 tareas asignadas a | N2: =Idiomas!$A$25&" " -> Con criticidad | S2: =Idiomas!$A$26&" " -> Con inicio desde | T2: 44562 | X2: =Idiomas!$A$27&" " -> Con el texto | AC2: =Idiomas!$A$28&" " -> Con un retraso > | AE2: =" "&Idiomas!$A$29 -> días | AH2: =Idiomas!$A$33&" " -> Con una duración > | AJ2: =" "&Idiomas!$A$29 -> días
B4: 1 | C4: {=IFERROR(INDEX(Configura!$B$9:$B$18,B4)&" ("&SUMIF(misEstados,B4,misFiltros)&" de "&SUM(misFiltros)&")","")} -> POR HACER (3 de 30) | F4: ^ | G4: =B4+1 -> 2 | H4: {=IFERROR(INDEX(Configura!$B$9:$B$18,G4)&" ("&SUMIF(misEstados,G4,misFiltros)&" de "&SUM(misFiltros)&")","")} -> EN PROGRESO (2 de 30) | K4: ^ | L4: =G4+1 -> 3 | M4: {=IFERROR(INDEX(Configura!$B$9:$B$18,L4)&" ("&SUMIF(misEstados,L4,misFiltros)&" de "&SUM(misFiltros)&")","")} -> EN ESPERA (1 de 30) | P4: ^ | Q4: =L4+1 -> 4 | R4: {=IFERROR(INDEX(Configura!$B$9:$B$18,Q4)&" ("&SUMIF(misEstados,Q4,misFiltros)&" de "&SUM(misFiltros)&")","")} -> COMPLETADO (24 de 30) | U4: ^ | V4: =Q4+1 -> 5 | W4: {=IFERROR(INDEX(Configura!$B$9:$B$18,V4)&" ("&SUMIF(misEstados,V4,misFiltros)&" de "&SUM(misFiltros)&")","")} -> ARCHIVADO (0 de 30) | Z4: ^ | AA4: =V4+1 -> 6 | AB4: {=IFERROR(INDEX(Configura!$B$9:$B$18,AA4)&" ("&SUMIF(misEstados,AA4,misFiltros)&" de "&SUM(misFiltros)&")","")} -> POR HACER (0 de 30) | AE4: ^ | AF4: =AA4+1 -> 7 | AG4: {=IFERROR(INDEX(Configura!$B$9:$B$18,AF4)&" ("&SUMIF(misEstados,AF4,misFiltros)&" de "&SUM(misFiltros)&")","")} -> EN PROGRESO (0 de 30) | AJ4: ^ | AK4: =AF4+1 -> 8 | AL4: {=IFERROR(INDEX(Configura!$B$9:$B$18,AK4)&" ("&SUMIF(misEstados,AK4,misFiltros)&" de "&SUM(misFiltros)&")","")} -> (0 de 30) | AO4: ^ | AP4: =AK4+1 -> 9 | AQ4: {=IFERROR(INDEX(Configura!$B$9:$B$18,AP4)&" ("&SUMIF(misEstados,AP4,misFiltros)&" de "&SUM(misFiltros)&")","")} -> (0 de 30) | AT4: ^ | AU4: =AP4+1 -> 10 | AV4: {=IFERROR(INDEX(Configura!$B$9:$B$18,AU4)&" ("&SUMIF(misEstados,AU4,misFiltros)&" de "&SUM(misFiltros)&")","")} -> (0 de 30) | AY4: ^
C6: {=IF(OR(Formulas!E3=0,Formulas!E3="",RIGHT(Formulas!F3)="0"),"", HYPERLINK("["&Archivo_Nombre&"]Datos!"&LEFT(SUBSTITUTE(ADDRESS(1,IF(Formulas!E3=1,1,RIGHT(Formulas!F3)+2)),"$",""))&Formulas!D3+1, IFERROR(INDEX(Datos!$A$1:$K$1,1,RIGHT(Formulas!F3)+2)&IF(Formulas!E3=1," "&Formulas!D3,"")&":","")))} -> Tarea 29: | D6: {=IF(OR(Formulas!E3=0,Formulas!E3="",RIGHT(Formulas!F3)="0"),"", HYPERLINK("["&Archivo_Nombre&"]Datos!"&LEFT(SUBSTITUTE(ADDRESS(1,RIGHT(Formulas!F3)+2),"$",""))&Formulas!D3+1, IFERROR(INDEX(Datos!$A$2:$K$101,Formulas!D3,RIGHT(Formulas!F3)+2),"")))} -> Elaboracion Requerimiento N7 | E6: {=IF(OR(Formulas!F4=0,Formulas!F4=""),"",HYPERLINK("["&Archivo_Nombre&"]Datos!"&LEFT(SUBSTITUTE(ADDRESS(1,Formulas!F4+2),"$",""))&Formulas!E4+1, IFERROR(INDEX(Datos!$A$2:$K$101,Formulas!E4,Formulas!F4+2),"")))} -> #VALUE! | H6: {=IF(OR(Formulas!J3=0,Formulas!J3="",RIGHT(Formulas!K3)="0"),"", HYPERLINK("["&Archivo_Nombre&"]Datos!"&LEFT(SUBSTITUTE(ADDRESS(1,IF(Formulas!J3=1,1,RIGHT(Formulas!K3)+2)),"$",""))&Formulas!I3+1, IFERROR(INDEX(Datos!$A$1:$K$1,1,RIGHT(Formulas!K3)+2)&IF(Formulas!J3=1," "&Formulas!I3,"")&":","")))} -> Tarea 26: | I6: {=IF(OR(Formulas!J3=0,Formulas!J3="",RIGHT(Formulas!K3)="0"),"", HYPERLINK("["&Archivo_Nombre&"]Datos!"&LEFT(SUBSTITUTE(ADDRESS(1,RIGHT(Formulas!K3)+2),"$",""))&Formulas!I3+1, IFERROR(INDEX(Datos!$A$2:$K$101,Formulas!I3,RIGHT(Formulas!K3)+2),"")))} -> Sprint 2 | J6: {=IF(OR(Formulas!K4=0,Formulas!K4=""),"",HYPERLINK("["&Archivo_Nombre&"]Datos!"&LEFT(SUBSTITUTE(ADDRESS(1,Formulas!K4+2),"$",""))&Formulas!J4+1, IFERROR(INDEX(Datos!$A$2:$K$101,Formulas!J4,Formulas!K4+2),"")))} -> #VALUE! | M6: {=IF(OR(Formulas!O3=0,Formulas!O3="",RIGHT(Formulas!P3)="0"),"", HYPERLINK("["&Archivo_Nombre&"]Datos!"&LEFT(SUBSTITUTE(ADDRESS(1,IF(Formulas!O3=1,1,RIGHT(Formulas!P3)+2)),"$",""))&Formulas!N3+1, IFERROR(INDEX(Datos!$A$1:$K$1,1,RIGHT(Formulas!P3)+2)&IF(Formulas!O3=1," "&Formulas!N3,"")&":","")))} -> Tarea 30: | N6: {=IF(OR(Formulas!O3=0,Formulas!O3="",RIGHT(Formulas!P3)="0"),"", HYPERLINK("["&Archivo_Nombre&"]Datos!"&LEFT(SUBSTITUTE(ADDRESS(1,RIGHT(Formulas!P3)+2),"$",""))&Formulas!N3+1, IFERROR(INDEX(Datos!$A$2:$K$101,Formulas!N3,RIGHT(Formulas!P3)+2),"")))} -> Tercera Reunion | O6: {=IF(OR(Formulas!P4=0,Formulas!P4=""),"",HYPERLINK("["&Archivo_Nombre&"]Datos!"&LEFT(SUBSTITUTE(ADDRESS(1,Formulas!P4+2),"$",""))&Formulas!O4+1, IFERROR(INDEX(Datos!$A$2:$K$101,Formulas!O4,Formulas!P4+2),"")))} -> #VALUE! | R6: {=IF(OR(Formulas!T3=0,Formulas!T3="",RIGHT(Formulas!U3)="0"),"", HYPERLINK("["&Archivo_Nombre&"]Datos!"&LEFT(SUBSTITUTE(ADDRESS(1,IF(Formulas!T3=1,1,RIGHT(Formulas!U3)+2)),"$",""))&Formulas!S3+1, IFERROR(INDEX(Datos!$A$1:$K$1,1,RIGHT(Formulas!U3)+2)&IF(Formulas!T3=1," "&Formulas!S3,"")&":","")))} -> Tarea 24: | S6: {=IF(OR(Formulas!T3=0,Formulas!T3="",RIGHT(Formulas!U3)="0"),"", HYPERLINK("["&Archivo_Nombre&"]Datos!"&LEFT(SUBSTITUTE(ADDRESS(1,RIGHT(Formulas!U3)+2),"$",""))&Formulas!S3+1, IFERROR(INDEX(Datos!$A$2:$K$101,Formulas!S3,RIGHT(Formulas!U3)+2),"")))} -> Presentacion del primer Sprint | T6: {=IF(OR(Formulas!U4=0,Formulas!U4=""),"",HYPERLINK("["&Archivo_Nombre&"]Datos!"&LEFT(SUBSTITUTE(ADDRESS(1,Formulas!U4+2),"$",""))&Formulas!T4+1, IFERROR(INDEX(Datos!$A$2:$K$101,Formulas!T4,Formulas!U4+2),"")))} -> #VALUE! | W6: {=IF(OR(Formulas!Y3=0,Formulas!Y3="",RIGHT(Formulas!Z3)="0"),"", HYPERLINK("["&Archivo_Nombre&"]Datos!"&LEFT(SUBSTITUTE(ADDRESS(1,IF(Formulas!Y3=1,1,RIGHT(Formulas!Z3)+2)),"$",""))&Formulas!X3+1, IFERROR(INDEX(Datos!$A$1:$K$1,1,RIGHT(Formulas!Z3)+2)&IF(Formulas!Y3=1," "&Formulas!X3,"")&":","")))} | X6: {=IF(OR(Formulas!Y3=0,Formulas!Y3="",RIGHT(Formulas!Z3)="0"),"", HYPERLINK("["&Archivo_Nombre&"]Datos!"&LEFT(SUBSTITUTE(ADDRESS(1,RIGHT(Formulas!Z3)+2),"$",""))&Formulas!X3+1, IFERROR(INDEX(Datos!$A$2:$K$101,Formulas!X3,RIGHT(Formulas!Z3)+2),"")))} | Y6: {=IF(OR(Formulas!Z4=0,Formulas!Z4=""),"",HYPERLINK("["&Archivo_Nombre&"]Datos!"&LEFT(SUBSTITUTE(ADDRESS(1,Formulas!Z4+2),"$",""))&Formulas!Y4+1, IFERROR(INDEX(Datos!$A$2:$K$101,Formulas!Y4,Formulas!Z4+2),"")))} | AB6: {=IF(OR(Formulas!AD3=0,Formulas!AD3="",RIGHT(Formulas!AE3)="0"),"", HYPERLINK("["&Archivo_Nombre&"]Datos!"&LEFT(SUBSTITUTE(ADDRESS(1,IF(Formulas!AD3=1,1,RIGHT(Formulas!AE3)+2)),"$",""))&Formulas!AC3+1, IFERROR(INDEX(Datos!$A$1:$K$1,1,RIGHT(Formulas!AE3)+2)&IF(Formulas!AD3=1," "&Formulas!AC3,"")&":","")))} | AC6: {=IF(OR(Formulas!AD3=0,Formulas!AD3="",RIGHT(Formulas!AE3)="0"),"", HYPERLINK("["&Archivo_Nombre&"]Datos!"&LEFT(SUBSTITUTE(ADDRESS(1,RIGHT(Formulas!AE3)+2),"$",""))&Formulas!AC3+1, IFERROR(INDEX(Datos!$A$2:$K$101,Formulas!AC3,RIGHT(Formulas!AE3)+2),"")))} | AD6: {=IF(OR(Formulas!AE4=0,Formulas!AE4=""),"",HYPERLINK("["&Archivo_Nombre&"]Datos!"&LEFT(SUBSTITUTE(ADDRESS(1,Formulas!AE4+2),"$",""))&Formulas!AD4+1, IFERROR(INDEX(Datos!$A$2:$K$101,Formulas!AD4,Formulas!AE4+2),"")))} | AG6: {=IF(OR(Formulas!AI3=0,Formulas!AI3="",RIGHT(Formulas!AJ3)="0"),"", HYPERLINK("["&Archivo_Nombre&"]Datos!"&LEFT(SUBSTITUTE(ADDRESS(1,IF(Formulas!AI3=1,1,RIGHT(Formulas!AJ3)+2)),"$",""))&Formulas!AH3+1, IFERROR(INDEX(Datos!$A$1:$K$1,1,RIGHT(Formulas!AJ3)+2)&IF(Formulas!AI3=1," "&Formulas!AH3,"")&":","")))} | AH6: {=IF(OR(Formulas!AI3=0,Formulas!AI3="",RIGHT(Formulas!AJ3)="0"),"", HYPERLINK("["&Archivo_Nombre&"]Datos!"&LEFT(SUBSTITUTE(ADDRESS(1,RIGHT(Formulas!AJ3)+2),"$",""))&Formulas!AH3+1, IFERROR(INDEX(Datos!$A$2:$K$101,Formulas!AH3,RIGHT(Formulas!AJ3)+2),"")))} | AI6: {=IF(OR(Formulas!AJ4=0,Formulas!AJ4=""),"",HYPERLINK("["&Archivo_Nombre&"]Datos!"&LEFT(SUBSTITUTE(ADDRESS(1,Formulas!AJ4+2),"$",""))&Formulas!AI4+1, IFERROR(INDEX(Datos!$A$2:$K$101,Formulas!AI4,Formulas!AJ4+2),"")))} | AL6: {=IF(OR(Formulas!AN3=0,Formulas!AN3="",RIGHT(Formulas!AO3)="0"),"", HYPERLINK("["&Archivo_Nombre&"]Datos!"&LEFT(SUBSTITUTE(ADDRESS(1,IF(Formulas!AN3=1,1,RIGHT(Formulas!AO3)+2)),"$",""))&Formulas!AM3+1, IFERROR(INDEX(Datos!$A$1:$K$1,1,RIGHT(Formulas!AO3)+2)&IF(Formulas!AN3=1," "&Formulas!AM3,"")&":","")))} | AM6: {=IF(OR(Formulas!AN3=0,Formulas!AN3="",RIGHT(Formulas!AO3)="0"),"", HYPERLINK("["&Archivo_Nombre&"]Datos!"&LEFT(SUBSTITUTE(ADDRESS(1,RIGHT(Formulas!AO3)+2),"$",""))&Formulas!AM3+1, IFERROR(INDEX(Datos!$A$2:$K$101,Formulas!AM3,RIGHT(Formulas!AO3)+2),"")))} | AN6: {=IF(OR(Formulas!AO4=0,Formulas!AO4=""),"",HYPERLINK("["&Archivo_Nombre&"]Datos!"&LEFT(SUBSTITUTE(ADDRESS(1,Formulas!AO4+2),"$",""))&Formulas!AN4+1, IFERROR(INDEX(Datos!$A$2:$K$101,Formulas!AN4,Formulas!AO4+2),"")))} | AQ6: {=IF(OR(Formulas!AS3=0,Formulas!AS3="",RIGHT(Formulas!AT3)="0"),"", HYPERLINK("["&Archivo_Nombre&"]Datos!"&LEFT(SUBSTITUTE(ADDRESS(1,IF(Formulas!AS3=1,1,RIGHT(Formulas!AT3)+2)),"$",""))&Formulas!AR3+1, IFERROR(INDEX(Datos!$A$1:$K$1,1,RIGHT(Formulas!AT3)+2)&IF(Formulas!AS3=1," "&Formulas!AR3,"")&":","")))} | AR6: {=IF(OR(Formulas!AS3=0,Formulas!AS3="",RIGHT(Formulas!AT3)="0"),"", HYPERLINK("["&Archivo_Nombre&"]Datos!"&LEFT(SUBSTITUTE(ADDRESS(1,RIGHT(Formulas!AT3)+2),"$",""))&Formulas!AR3+1, IFERROR(INDEX(Datos!$A$2:$K$101,Formulas!AR3,RIGHT(Formulas!AT3)+2),"")))} | AS6: {=IF(OR(Formulas!AT4=0,Formulas!AT4=""),"",HYPERLINK("["&Archivo_Nombre&"]Datos!"&LEFT(SUBSTITUTE(ADDRESS(1,Formulas!AT4+2),"$",""))&Formulas!AS4+1, IFERROR(INDEX(Datos!$A$2:$K$101,Formulas!AS4,Formulas!AT4+2),"")))} | AV6: {=IF(OR(Formulas!AX3=0,Formulas!AX3="",RIGHT(Formulas!AY3)="0"),"", HYPERLINK("["&Archivo_Nombre&"]Datos!"&LEFT(SUBSTITUTE(ADDRESS(1,IF(Formulas!AX3=1,1,RIGHT(Formulas!AY3)+2)),"$",""))&Formulas!AW3+1, IFERROR(INDEX(Datos!$A$1:$K$1,1,RIGHT(Formulas!AY3)+2)&IF(Formulas!AX3=1," "&Formulas!AW3,"")&":","")))} | AW6: {=IF(OR(Formulas!AX3=0,Formulas!AX3="",RIGHT(Formulas!AY3)="0"),"", HYPERLINK("["&Archivo_Nombre&"]Datos!"&LEFT(SUBSTITUTE(ADDRESS(1,RIGHT(Formulas!AY3)+2),"$",""))&Formulas!AW3+1, IFERROR(INDEX(Datos!$A$2:$K$101,Formulas!AW3,RIGHT(Formulas!AY3)+2),"")))} | AX6: {=IF(OR(Formulas!AY4=0,Formulas!AY4=""),"",HYPERLINK("["&Archivo_Nombre&"]Datos!"&LEFT(SUBSTITUTE(ADDRESS(1,Formulas!AY4+2),"$",""))&Formulas!AX4+1, IFERROR(INDEX(Datos!$A$2:$K$101,Formulas!AX4,Formulas!AY4+2),"")))}
C7: {=IF(OR(Formulas!E4=0,Formulas!E4="",RIGHT(Formulas!F4)="0"),"", HYPERLINK("["&Archivo_Nombre&"]Datos!"&LEFT(SUBSTITUTE(ADDRESS(1,IF(Formulas!E4=1,1,RIGHT(Formulas!F4)+2)),"$",""))&Formulas!D4+1, IFERROR(INDEX(Datos!$A$1:$K$1,1,RIGHT(Formulas!F4)+2)&IF(Formulas!E4=1," "&Formulas!D4,"")&":","")))} -> Descripción: | D7: {=IF(OR(Formulas!E4=0,Formulas!E4="",RIGHT(Formulas!F4)="0"),"", HYPERLINK("["&Archivo_Nombre&"]Datos!"&LEFT(SUBSTITUTE(ADDRESS(1,RIGHT(Formulas!F4)+2),"$",""))&Formulas!D4+1, IFERROR(INDEX(Datos!$A$2:$K$101,Formulas!D4,RIGHT(Formulas!F4)+2),"")))} -> Implementar la funcionalidad del séptimo requerimiento | E7: {=IF(OR(Formulas!F5=0,Formulas!F5=""),"",HYPERLINK("["&Archivo_Nombre&"]Datos!"&LEFT(SUBSTITUTE(ADDRESS(1,Formulas!F5+2),"$",""))&Formulas!E5+1, IFERROR(INDEX(Datos!$A$2:$K$101,Formulas!E5,Formulas!F5+2),"")))} -> #VALUE! | H7: {=IF(OR(Formulas!J4=0,Formulas!J4="",RIGHT(Formulas!K4)="0"),"", HYPERLINK("["&Archivo_Nombre&"]Datos!"&LEFT(SUBSTITUTE(ADDRESS(1,IF(Formulas!J4=1,1,RIGHT(Formulas!K4)+2)),"$",""))&Formulas!I4+1, IFERROR(INDEX(Datos!$A$1:$K$1,1,RIGHT(Formulas!K4)+2)&IF(Formulas!J4=1," "&Formulas!I4,"")&":","")))} -> Descripción: | I7: {=IF(OR(Formulas!J4=0,Formulas!J4="",RIGHT(Formulas!K4)="0"),"", HYPERLINK("["&Archivo_Nombre&"]Datos!"&LEFT(SUBSTITUTE(ADDRESS(1,RIGHT(Formulas!K4)+2),"$",""))&Formulas!I4+1, IFERROR(INDEX(Datos!$A$2:$K$101,Formulas!I4,RIGHT(Formulas!K4)+2),"")))} -> Hito o contenedor de actividades del segundo sprint. | J7: {=IF(OR(Formulas!K5=0,Formulas!K5=""),"",HYPERLINK("["&Archivo_Nombre&"]Datos!"&LEFT(SUBSTITUTE(ADDRESS(1,Formulas!K5+2),"$",""))&Formulas!J5+1, IFERROR(INDEX(Datos!$A$2:$K$101,Formulas!J5,Formulas!K5+2),"")))} -> #VALUE! | M7: {=IF(OR(Formulas!O4=0,Formulas!O4="",RIGHT(Formulas!P4)="0"),"", HYPERLINK("["&Archivo_Nombre&"]Datos!"&LEFT(SUBSTITUTE(ADDRESS(1,IF(Formulas!O4=1,1,RIGHT(Formulas!P4)+2)),"$",""))&Formulas!N4+1, IFERROR(INDEX(Datos!$A$1:$K$1,1,RIGHT(Formulas!P4)+2)&IF(Formulas!O4=1," "&Formulas!N4,"")&":","")))} -> Descripción: | N7: {=IF(OR(Formulas!O4=0,Formulas!O4="",RIGHT(Formulas!P4)="0"),"", HYPERLINK("["&Archivo_Nombre&"]Datos!"&LEFT(SUBSTITUTE(ADDRESS(1,RIGHT(Formulas!P4)+2),"$",""))&Formulas!N4+1, IFERROR(INDEX(Datos!$A$2:$K$101,Formulas!N4,RIGHT(Formulas!P4)+2),"")))} -> Tercera reunión con el administrador para revisar el progreso, validar requerimientos pendientes y planificar los siguientes sprints. | O7: {=IF(OR(Formulas!P5=0,Formulas!P5=""),"",HYPERLINK("["&Archivo_Nombre&"]Datos!"&LEFT(SUBSTITUTE(ADDRESS(1,Formulas!P5+2),"$",""))&Formulas!O5+1, IFERROR(INDEX(Datos!$A$2:$K$101,Formulas!O5,Formulas!P5+2),"")))} -> #VALUE! | R7: {=IF(OR(Formulas!T4=0,Formulas!T4="",RIGHT(Formulas!U4)="0"),"", HYPERLINK("["&Archivo_Nombre&"]Datos!"&LEFT(SUBSTITUTE(ADDRESS(1,IF(Formulas!T4=1,1,RIGHT(Formulas!U4)+2)),"$",""))&Formulas!S4+1, IFERROR(INDEX(Datos!$A$1:$K$1,1,RIGHT(Formulas!U4)+2)&IF(Formulas!T4=1," "&Formulas!S4,"")&":","")))} -> Descripción: | S7: {=IF(OR(Formulas!T4=0,Formulas!T4="",RIGHT(Formulas!U4)="0"),"", HYPERLINK("["&Archivo_Nombre&"]Datos!"&LEFT(SUBSTITUTE(ADDRESS(1,RIGHT(Formulas!U4)+2),"$",""))&Formulas!S4+1, IFERROR(INDEX(Datos!$A$2:$K$101,Formulas!S4,RIGHT(Formulas!U4)+2),"")))} -> Exponer los requisitos completados en el sprint al equipo y stakeholders. | T7: {=IF(OR(Formulas!U5=0,Formulas!U5=""),"",HYPERLINK("["&Archivo_Nombre&"]Datos!"&LEFT(SUBSTITUTE(ADDRESS(1,Formulas!U5+2),"$",""))&Formulas!T5+1, IFERROR(INDEX(Datos!$A$2:$K$101,Formulas!T5,Formulas!U5+2),"")))} -> #VALUE! | W7: {=IF(OR(Formulas!Y4=0,Formulas!Y4="",RIGHT(Formulas!Z4)="0"),"", HYPERLINK("["&Archivo_Nombre&"]Datos!"&LEFT(SUBSTITUTE(ADDRESS(1,IF(Formulas!Y4=1,1,RIGHT(Formulas!Z4)+2)),"$",""))&Formulas!X4+1, IFERROR(INDEX(Datos!$A$1:$K$1,1,RIGHT(Formulas!Z4)+2)&IF(Formulas!Y4=1," "&Formulas!X4,"")&":","")))} | X7: {=IF(OR(Formulas!Y4=0,Formulas!Y4="",RIGHT(Formulas!Z4)="0"),"", HYPERLINK("["&Archivo_Nombre&"]Datos!"&LEFT(SUBSTITUTE(ADDRESS(1,RIGHT(Formulas!Z4)+2),"$",""))&Formulas!X4+1, IFERROR(INDEX(Datos!$A$2:$K$101,Formulas!X4,RIGHT(Formulas!Z4)+2),"")))} | Y7: {=IF(OR(Formulas!Z5=0,Formulas!Z5=""),"",HYPERLINK("["&Archivo_Nombre&"]Datos!"&LEFT(SUBSTITUTE(ADDRESS(1,Formulas!Z5+2),"$",""))&Formulas!Y5+1, IFERROR(INDEX(Datos!$A$2:$K$101,Formulas!Y5,Formulas!Z5+2),"")))} | AB7: {=IF(OR(Formulas!AD4=0,Formulas!AD4="",RIGHT(Formulas!AE4)="0"),"", HYPERLINK("["&Archivo_Nombre&"]Datos!"&LEFT(SUBSTITUTE(ADDRESS(1,IF(Formulas!AD4=1,1,RIGHT(Formulas!AE4)+2)),"$",""))&Formulas!AC4+1, IFERROR(INDEX(Datos!$A$1:$K$1,1,RIGHT(Formulas!AE4)+2)&IF(Formulas!AD4=1," "&Formulas!AC4,"")&":","")))} | AC7: {=IF(OR(Formulas!AD4=0,Formulas!AD4="",RIGHT(Formulas!AE4)="0"),"", HYPERLINK("["&Archivo_Nombre&"]Datos!"&LEFT(SUBSTITUTE(ADDRESS(1,RIGHT(Formulas!AE4)+2),"$",""))&Formulas!AC4+1, IFERROR(INDEX(Datos!$A$2:$K$101,Formulas!AC4,RIGHT(Formulas!AE4)+2),"")))} | AD7: {=IF(OR(Formulas!AE5=0,Formulas!AE5=""),"",HYPERLINK("["&Archivo_Nombre&"]Datos!"&LEFT(SUBSTITUTE(ADDRESS(1,Formulas!AE5+2),"$",""))&Formulas!AD5+1, IFERROR(INDEX(Datos!$A$2:$K$101,Formulas!AD5,Formulas!AE5+2),"")))} | AG7: {=IF(OR(Formulas!AI4=0,Formulas!AI4="",RIGHT(Formulas!AJ4)="0"),"", HYPERLINK("["&Archivo_Nombre&"]Datos!"&LEFT(SUBSTITUTE(ADDRESS(1,IF(Formulas!AI4=1,1,RIGHT(Formulas!AJ4)+2)),"$",""))&Formulas!AH4+1, IFERROR(INDEX(Datos!$A$1:$K$1,1,RIGHT(Formulas!AJ4)+2)&IF(Formulas!AI4=1," "&Formulas!AH4,"")&":","")))} | AH7: {=IF(OR(Formulas!AI4=0,Formulas!AI4="",RIGHT(Formulas!AJ4)="0"),"", HYPERLINK("["&Archivo_Nombre&"]Datos!"&LEFT(SUBSTITUTE(ADDRESS(1,RIGHT(Formulas!AJ4)+2),"$",""))&Formulas!AH4+1, IFERROR(INDEX(Datos!$A$2:$K$101,Formulas!AH4,RIGHT(Formulas!AJ4)+2),"")))} | AI7: {=IF(OR(Formulas!AJ5=0,Formulas!AJ5=""),"",HYPERLINK("["&Archivo_Nombre&"]Datos!"&LEFT(SUBSTITUTE(ADDRESS(1,Formulas!AJ5+2),"$",""))&Formulas!AI5+1, IFERROR(INDEX(Datos!$A$2:$K$101,Formulas!AI5,Formulas!AJ5+2),"")))} | AL7: {=IF(OR(Formulas!AN4=0,Formulas!AN4="",RIGHT(Formulas!AO4)="0"),"", HYPERLINK("["&Archivo_Nombre&"]Datos!"&LEFT(SUBSTITUTE(ADDRESS(1,IF(Formulas!AN4=1,1,RIGHT(Formulas!AO4)+2)),"$",""))&Formulas!AM4+1, IFERROR(INDEX(Datos!$A$1:$K$1,1,RIGHT(Formulas!AO4)+2)&IF(Formulas!AN4=1," "&Formulas!AM4,"")&":","")))} | AM7: {=IF(OR(Formulas!AN4=0,Formulas!AN4="",RIGHT(Formulas!AO4)="0"),"", HYPERLINK("["&Archivo_Nombre&"]Datos!"&LEFT(SUBSTITUTE(ADDRESS(1,RIGHT(Formulas!AO4)+2),"$",""))&Formulas!AM4+1, IFERROR(INDEX(Datos!$A$2:$K$101,Formulas!AM4,RIGHT(Formulas!AO4)+2),"")))} | AN7: {=IF(OR(Formulas!AO5=0,Formulas!AO5=""),"",HYPERLINK("["&Archivo_Nombre&"]Datos!"&LEFT(SUBSTITUTE(ADDRESS(1,Formulas!AO5+2),"$",""))&Formulas!AN5+1, IFERROR(INDEX(Datos!$A$2:$K$101,Formulas!AN5,Formulas!AO5+2),"")))} | AQ7: {=IF(OR(Formulas!AS4=0,Formulas!AS4="",RIGHT(Formulas!AT4)="0"),"", HYPERLINK("["&Archivo_Nombre&"]Datos!"&LEFT(SUBSTITUTE(ADDRESS(1,IF(Formulas!AS4=1,1,RIGHT(Formulas!AT4)+2)),"$",""))&Formulas!AR4+1, IFERROR(INDEX(Datos!$A$1:$K$1,1,RIGHT(Formulas!AT4)+2)&IF(Formulas!AS4=1," "&Formulas!AR4,"")&":","")))} | AR7: {=IF(OR(Formulas!AS4=0,Formulas!AS4="",RIGHT(Formulas!AT4)="0"),"", HYPERLINK("["&Archivo_Nombre&"]Datos!"&LEFT(SUBSTITUTE(ADDRESS(1,RIGHT(Formulas!AT4)+2),"$",""))&Formulas!AR4+1, IFERROR(INDEX(Datos!$A$2:$K$101,Formulas!AR4,RIGHT(Formulas!AT4)+2),"")))} | AS7: {=IF(OR(Formulas!AT5=0,Formulas!AT5=""),"",HYPERLINK("["&Archivo_Nombre&"]Datos!"&LEFT(SUBSTITUTE(ADDRESS(1,Formulas!AT5+2),"$",""))&Formulas!AS5+1, IFERROR(INDEX(Datos!$A$2:$K$101,Formulas!AS5,Formulas!AT5+2),"")))} | AV7: {=IF(OR(Formulas!AX4=0,Formulas!AX4="",RIGHT(Formulas!AY4)="0"),"", HYPERLINK("["&Archivo_Nombre&"]Datos!"&LEFT(SUBSTITUTE(ADDRESS(1,IF(Formulas!AX4=1,1,RIGHT(Formulas!AY4)+2)),"$",""))&Formulas!AW4+1, IFERROR(INDEX(Datos!$A$1:$K$1,1,RIGHT(Formulas!AY4)+2)&IF(Formulas!AX4=1," "&Formulas!AW4,"")&":","")))} | AW7: {=IF(OR(Formulas!AX4=0,Formulas!AX4="",RIGHT(Formulas!AY4)="0"),"", HYPERLINK("["&Archivo_Nombre&"]Datos!"&LEFT(SUBSTITUTE(ADDRESS(1,RIGHT(Formulas!AY4)+2),"$",""))&Formulas!AW4+1, IFERROR(INDEX(Datos!$A$2:$K$101,Formulas!AW4,RIGHT(Formulas!AY4)+2),"")))} | AX7: {=IF(OR(Formulas!AY5=0,Formulas!AY5=""),"",HYPERLINK("["&Archivo_Nombre&"]Datos!"&LEFT(SUBSTITUTE(ADDRESS(1,Formulas!AY5+2),"$",""))&Formulas!AX5+1, IFERROR(INDEX(Datos!$A$2:$K$101,Formulas!AX5,Formulas!AY5+2),"")))}
C8: {=IF(OR(Formulas!E5=0,Formulas!E5="",RIGHT(Formulas!F5)="0"),"", HYPERLINK("["&Archivo_Nombre&"]Datos!"&LEFT(SUBSTITUTE(ADDRESS(1,IF(Formulas!E5=1,1,RIGHT(Formulas!F5)+2)),"$",""))&Formulas!D5+1, IFERROR(INDEX(Datos!$A$1:$K$1,1,RIGHT(Formulas!F5)+2)&IF(Formulas!E5=1," "&Formulas!D5,"")&":","")))} -> Inicio: | D8: {=IF(OR(Formulas!E5=0,Formulas!E5="",RIGHT(Formulas!F5)="0"),"", HYPERLINK("["&Archivo_Nombre&"]Datos!"&LEFT(SUBSTITUTE(ADDRESS(1,RIGHT(Formulas!F5)+2),"$",""))&Formulas!D5+1, IFERROR(INDEX(Datos!$A$2:$K$101,Formulas!D5,RIGHT(Formulas!F5)+2),"")))} -> 46185 | E8: {=IF(OR(Formulas!F6=0,Formulas!F6=""),"",HYPERLINK("["&Archivo_Nombre&"]Datos!"&LEFT(SUBSTITUTE(ADDRESS(1,Formulas!F6+2),"$",""))&Formulas!E6+1, IFERROR(INDEX(Datos!$A$2:$K$101,Formulas!E6,Formulas!F6+2),"")))} -> #VALUE! | H8: {=IF(OR(Formulas!J5=0,Formulas!J5="",RIGHT(Formulas!K5)="0"),"", HYPERLINK("["&Archivo_Nombre&"]Datos!"&LEFT(SUBSTITUTE(ADDRESS(1,IF(Formulas!J5=1,1,RIGHT(Formulas!K5)+2)),"$",""))&Formulas!I5+1, IFERROR(INDEX(Datos!$A$1:$K$1,1,RIGHT(Formulas!K5)+2)&IF(Formulas!J5=1," "&Formulas!I5,"")&":","")))} -> Inicio: | I8: {=IF(OR(Formulas!J5=0,Formulas!J5="",RIGHT(Formulas!K5)="0"),"", HYPERLINK("["&Archivo_Nombre&"]Datos!"&LEFT(SUBSTITUTE(ADDRESS(1,RIGHT(Formulas!K5)+2),"$",""))&Formulas!I5+1, IFERROR(INDEX(Datos!$A$2:$K$101,Formulas!I5,RIGHT(Formulas!K5)+2),"")))} -> 46185 | J8: {=IF(OR(Formulas!K6=0,Formulas!K6=""),"",HYPERLINK("["&Archivo_Nombre&"]Datos!"&LEFT(SUBSTITUTE(ADDRESS(1,Formulas!K6+2),"$",""))&Formulas!J6+1, IFERROR(INDEX(Datos!$A$2:$K$101,Formulas!J6,Formulas!K6+2),"")))} -> #VALUE! | M8: {=IF(OR(Formulas!O5=0,Formulas!O5="",RIGHT(Formulas!P5)="0"),"", HYPERLINK("["&Archivo_Nombre&"]Datos!"&LEFT(SUBSTITUTE(ADDRESS(1,IF(Formulas!O5=1,1,RIGHT(Formulas!P5)+2)),"$",""))&Formulas!N5+1, IFERROR(INDEX(Datos!$A$1:$K$1,1,RIGHT(Formulas!P5)+2)&IF(Formulas!O5=1," "&Formulas!N5,"")&":","")))} -> Inicio: | N8: {=IF(OR(Formulas!O5=0,Formulas!O5="",RIGHT(Formulas!P5)="0"),"", HYPERLINK("["&Archivo_Nombre&"]Datos!"&LEFT(SUBSTITUTE(ADDRESS(1,RIGHT(Formulas!P5)+2),"$",""))&Formulas!N5+1, IFERROR(INDEX(Datos!$A$2:$K$101,Formulas!N5,RIGHT(Formulas!P5)+2),"")))} -> 46190 | O8: {=IF(OR(Formulas!P6=0,Formulas!P6=""),"",HYPERLINK("["&Archivo_Nombre&"]Datos!"&LEFT(SUBSTITUTE(ADDRESS(1,Formulas!P6+2),"$",""))&Formulas!O6+1, IFERROR(INDEX(Datos!$A$2:$K$101,Formulas!O6,Formulas!P6+2),"")))} -> #VALUE! | R8: {=IF(OR(Formulas!T5=0,Formulas!T5="",RIGHT(Formulas!U5)="0"),"", HYPERLINK("["&Archivo_Nombre&"]Datos!"&LEFT(SUBSTITUTE(ADDRESS(1,IF(Formulas!T5=1,1,RIGHT(Formulas!U5)+2)),"$",""))&Formulas!S5+1, IFERROR(INDEX(Datos!$A$1:$K$1,1,RIGHT(Formulas!U5)+2)&IF(Formulas!T5=1," "&Formulas!S5,"")&":","")))} -> Inicio: | S8: {=IF(OR(Formulas!T5=0,Formulas!T5="",RIGHT(Formulas!U5)="0"),"", HYPERLINK("["&Archivo_Nombre&"]Datos!"&LEFT(SUBSTITUTE(ADDRESS(1,RIGHT(Formulas!U5)+2),"$",""))&Formulas!S5+1, IFERROR(INDEX(Datos!$A$2:$K$101,Formulas!S5,RIGHT(Formulas!U5)+2),"")))} -> 46177 | T8: {=IF(OR(Formulas!U6=0,Formulas!U6=""),"",HYPERLINK("["&Archivo_Nombre&"]Datos!"&LEFT(SUBSTITUTE(ADDRESS(1,Formulas!U6+2),"$",""))&Formulas!T6+1, IFERROR(INDEX(Datos!$A$2:$K$101,Formulas!T6,Formulas!U6+2),"")))} -> #VALUE! | W8: {=IF(OR(Formulas!Y5=0,Formulas!Y5="",RIGHT(Formulas!Z5)="0"),"", HYPERLINK("["&Archivo_Nombre&"]Datos!"&LEFT(SUBSTITUTE(ADDRESS(1,IF(Formulas!Y5=1,1,RIGHT(Formulas!Z5)+2)),"$",""))&Formulas!X5+1, IFERROR(INDEX(Datos!$A$1:$K$1,1,RIGHT(Formulas!Z5)+2)&IF(Formulas!Y5=1," "&Formulas!X5,"")&":","")))} | X8: {=IF(OR(Formulas!Y5=0,Formulas!Y5="",RIGHT(Formulas!Z5)="0"),"", HYPERLINK("["&Archivo_Nombre&"]Datos!"&LEFT(SUBSTITUTE(ADDRESS(1,RIGHT(Formulas!Z5)+2),"$",""))&Formulas!X5+1, IFERROR(INDEX(Datos!$A$2:$K$101,Formulas!X5,RIGHT(Formulas!Z5)+2),"")))} | Y8: {=IF(OR(Formulas!Z6=0,Formulas!Z6=""),"",HYPERLINK("["&Archivo_Nombre&"]Datos!"&LEFT(SUBSTITUTE(ADDRESS(1,Formulas!Z6+2),"$",""))&Formulas!Y6+1, IFERROR(INDEX(Datos!$A$2:$K$101,Formulas!Y6,Formulas!Z6+2),"")))} | AB8: {=IF(OR(Formulas!AD5=0,Formulas!AD5="",RIGHT(Formulas!AE5)="0"),"", HYPERLINK("["&Archivo_Nombre&"]Datos!"&LEFT(SUBSTITUTE(ADDRESS(1,IF(Formulas!AD5=1,1,RIGHT(Formulas!AE5)+2)),"$",""))&Formulas!AC5+1, IFERROR(INDEX(Datos!$A$1:$K$1,1,RIGHT(Formulas!AE5)+2)&IF(Formulas!AD5=1," "&Formulas!AC5,"")&":","")))} | AC8: {=IF(OR(Formulas!AD5=0,Formulas!AD5="",RIGHT(Formulas!AE5)="0"),"", HYPERLINK("["&Archivo_Nombre&"]Datos!"&LEFT(SUBSTITUTE(ADDRESS(1,RIGHT(Formulas!AE5)+2),"$",""))&Formulas!AC5+1, IFERROR(INDEX(Datos!$A$2:$K$101,Formulas!AC5,RIGHT(Formulas!AE5)+2),"")))} | AD8: {=IF(OR(Formulas!AE6=0,Formulas!AE6=""),"",HYPERLINK("["&Archivo_Nombre&"]Datos!"&LEFT(SUBSTITUTE(ADDRESS(1,Formulas!AE6+2),"$",""))&Formulas!AD6+1, IFERROR(INDEX(Datos!$A$2:$K$101,Formulas!AD6,Formulas!AE6+2),"")))} | AG8: {=IF(OR(Formulas!AI5=0,Formulas!AI5="",RIGHT(Formulas!AJ5)="0"),"", HYPERLINK("["&Archivo_Nombre&"]Datos!"&LEFT(SUBSTITUTE(ADDRESS(1,IF(Formulas!AI5=1,1,RIGHT(Formulas!AJ5)+2)),"$",""))&Formulas!AH5+1, IFERROR(INDEX(Datos!$A$1:$K$1,1,RIGHT(Formulas!AJ5)+2)&IF(Formulas!AI5=1," "&Formulas!AH5,"")&":","")))} | AH8: {=IF(OR(Formulas!AI5=0,Formulas!AI5="",RIGHT(Formulas!AJ5)="0"),"", HYPERLINK("["&Archivo_Nombre&"]Datos!"&LEFT(SUBSTITUTE(ADDRESS(1,RIGHT(Formulas!AJ5)+2),"$",""))&Formulas!AH5+1, IFERROR(INDEX(Datos!$A$2:$K$101,Formulas!AH5,RIGHT(Formulas!AJ5)+2),"")))} | AI8: {=IF(OR(Formulas!AJ6=0,Formulas!AJ6=""),"",HYPERLINK("["&Archivo_Nombre&"]Datos!"&LEFT(SUBSTITUTE(ADDRESS(1,Formulas!AJ6+2),"$",""))&Formulas!AI6+1, IFERROR(INDEX(Datos!$A$2:$K$101,Formulas!AI6,Formulas!AJ6+2),"")))} | AL8: {=IF(OR(Formulas!AN5=0,Formulas!AN5="",RIGHT(Formulas!AO5)="0"),"", HYPERLINK("["&Archivo_Nombre&"]Datos!"&LEFT(SUBSTITUTE(ADDRESS(1,IF(Formulas!AN5=1,1,RIGHT(Formulas!AO5)+2)),"$",""))&Formulas!AM5+1, IFERROR(INDEX(Datos!$A$1:$K$1,1,RIGHT(Formulas!AO5)+2)&IF(Formulas!AN5=1," "&Formulas!AM5,"")&":","")))} | AM8: {=IF(OR(Formulas!AN5=0,Formulas!AN5="",RIGHT(Formulas!AO5)="0"),"", HYPERLINK("["&Archivo_Nombre&"]Datos!"&LEFT(SUBSTITUTE(ADDRESS(1,RIGHT(Formulas!AO5)+2),"$",""))&Formulas!AM5+1, IFERROR(INDEX(Datos!$A$2:$K$101,Formulas!AM5,RIGHT(Formulas!AO5)+2),"")))} | AN8: {=IF(OR(Formulas!AO6=0,Formulas!AO6=""),"",HYPERLINK("["&Archivo_Nombre&"]Datos!"&LEFT(SUBSTITUTE(ADDRESS(1,Formulas!AO6+2),"$",""))&Formulas!AN6+1, IFERROR(INDEX(Datos!$A$2:$K$101,Formulas!AN6,Formulas!AO6+2),"")))} | AQ8: {=IF(OR(Formulas!AS5=0,Formulas!AS5="",RIGHT(Formulas!AT5)="0"),"", HYPERLINK("["&Archivo_Nombre&"]Datos!"&LEFT(SUBSTITUTE(ADDRESS(1,IF(Formulas!AS5=1,1,RIGHT(Formulas!AT5)+2)),"$",""))&Formulas!AR5+1, IFERROR(INDEX(Datos!$A$1:$K$1,1,RIGHT(Formulas!AT5)+2)&IF(Formulas!AS5=1," "&Formulas!AR5,"")&":","")))} | AR8: {=IF(OR(Formulas!AS5=0,Formulas!AS5="",RIGHT(Formulas!AT5)="0"),"", HYPERLINK("["&Archivo_Nombre&"]Datos!"&LEFT(SUBSTITUTE(ADDRESS(1,RIGHT(Formulas!AT5)+2),"$",""))&Formulas!AR5+1, IFERROR(INDEX(Datos!$A$2:$K$101,Formulas!AR5,RIGHT(Formulas!AT5)+2),"")))} | AS8: {=IF(OR(Formulas!AT6=0,Formulas!AT6=""),"",HYPERLINK("["&Archivo_Nombre&"]Datos!"&LEFT(SUBSTITUTE(ADDRESS(1,Formulas!AT6+2),"$",""))&Formulas!AS6+1, IFERROR(INDEX(Datos!$A$2:$K$101,Formulas!AS6,Formulas!AT6+2),"")))} | AV8: {=IF(OR(Formulas!AX5=0,Formulas!AX5="",RIGHT(Formulas!AY5)="0"),"", HYPERLINK("["&Archivo_Nombre&"]Datos!"&LEFT(SUBSTITUTE(ADDRESS(1,IF(Formulas!AX5=1,1,RIGHT(Formulas!AY5)+2)),"$",""))&Formulas!AW5+1, IFERROR(INDEX(Datos!$A$1:$K$1,1,RIGHT(Formulas!AY5)+2)&IF(Formulas!AX5=1," "&Formulas!AW5,"")&":","")))} | AW8: {=IF(OR(Formulas!AX5=0,Formulas!AX5="",RIGHT(Formulas!AY5)="0"),"", HYPERLINK("["&Archivo_Nombre&"]Datos!"&LEFT(SUBSTITUTE(ADDRESS(1,RIGHT(Formulas!AY5)+2),"$",""))&Formulas!AW5+1, IFERROR(INDEX(Datos!$A$2:$K$101,Formulas!AW5,RIGHT(Formulas!AY5)+2),"")))} | AX8: {=IF(OR(Formulas!AY6=0,Formulas!AY6=""),"",HYPERLINK("["&Archivo_Nombre&"]Datos!"&LEFT(SUBSTITUTE(ADDRESS(1,Formulas!AY6+2),"$",""))&Formulas!AX6+1, IFERROR(INDEX(Datos!$A$2:$K$101,Formulas!AX6,Formulas!AY6+2),"")))}
C9: {=IF(OR(Formulas!E6=0,Formulas!E6="",RIGHT(Formulas!F6)="0"),"", HYPERLINK("["&Archivo_Nombre&"]Datos!"&LEFT(SUBSTITUTE(ADDRESS(1,IF(Formulas!E6=1,1,RIGHT(Formulas!F6)+2)),"$",""))&Formulas!D6+1, IFERROR(INDEX(Datos!$A$1:$K$1,1,RIGHT(Formulas!F6)+2)&IF(Formulas!E6=1," "&Formulas!D6,"")&":","")))} -> Previsto: | D9: {=IF(OR(Formulas!E6=0,Formulas!E6="",RIGHT(Formulas!F6)="0"),"", HYPERLINK("["&Archivo_Nombre&"]Datos!"&LEFT(SUBSTITUTE(ADDRESS(1,RIGHT(Formulas!F6)+2),"$",""))&Formulas!D6+1, IFERROR(INDEX(Datos!$A$2:$K$101,Formulas!D6,RIGHT(Formulas!F6)+2),"")))} -> 46186 | E9: {=IF(OR(Formulas!F7=0,Formulas!F7=""),"",HYPERLINK("["&Archivo_Nombre&"]Datos!"&LEFT(SUBSTITUTE(ADDRESS(1,Formulas!F7+2),"$",""))&Formulas!E7+1, IFERROR(INDEX(Datos!$A$2:$K$101,Formulas!E7,Formulas!F7+2),"")))} -> #VALUE! | H9: {=IF(OR(Formulas!J6=0,Formulas!J6="",RIGHT(Formulas!K6)="0"),"", HYPERLINK("["&Archivo_Nombre&"]Datos!"&LEFT(SUBSTITUTE(ADDRESS(1,IF(Formulas!J6=1,1,RIGHT(Formulas!K6)+2)),"$",""))&Formulas!I6+1, IFERROR(INDEX(Datos!$A$1:$K$1,1,RIGHT(Formulas!K6)+2)&IF(Formulas!J6=1," "&Formulas!I6,"")&":","")))} -> Previsto: | I9: {=IF(OR(Formulas!J6=0,Formulas!J6="",RIGHT(Formulas!K6)="0"),"", HYPERLINK("["&Archivo_Nombre&"]Datos!"&LEFT(SUBSTITUTE(ADDRESS(1,RIGHT(Formulas!K6)+2),"$",""))&Formulas!I6+1, IFERROR(INDEX(Datos!$A$2:$K$101,Formulas!I6,RIGHT(Formulas!K6)+2),"")))} -> 46186 | J9: {=IF(OR(Formulas!K7=0,Formulas!K7=""),"",HYPERLINK("["&Archivo_Nombre&"]Datos!"&LEFT(SUBSTITUTE(ADDRESS(1,Formulas!K7+2),"$",""))&Formulas!J7+1, IFERROR(INDEX(Datos!$A$2:$K$101,Formulas!J7,Formulas!K7+2),"")))} -> #VALUE! | M9: {=IF(OR(Formulas!O6=0,Formulas!O6="",RIGHT(Formulas!P6)="0"),"", HYPERLINK("["&Archivo_Nombre&"]Datos!"&LEFT(SUBSTITUTE(ADDRESS(1,IF(Formulas!O6=1,1,RIGHT(Formulas!P6)+2)),"$",""))&Formulas!N6+1, IFERROR(INDEX(Datos!$A$1:$K$1,1,RIGHT(Formulas!P6)+2)&IF(Formulas!O6=1," "&Formulas!N6,"")&":","")))} -> Previsto: | N9: {=IF(OR(Formulas!O6=0,Formulas!O6="",RIGHT(Formulas!P6)="0"),"", HYPERLINK("["&Archivo_Nombre&"]Datos!"&LEFT(SUBSTITUTE(ADDRESS(1,RIGHT(Formulas!P6)+2),"$",""))&Formulas!N6+1, IFERROR(INDEX(Datos!$A$2:$K$101,Formulas!N6,RIGHT(Formulas!P6)+2),"")))} -> 46190 | O9: {=IF(OR(Formulas!P7=0,Formulas!P7=""),"",HYPERLINK("["&Archivo_Nombre&"]Datos!"&LEFT(SUBSTITUTE(ADDRESS(1,Formulas!P7+2),"$",""))&Formulas!O7+1, IFERROR(INDEX(Datos!$A$2:$K$101,Formulas!O7,Formulas!P7+2),"")))} -> #VALUE! | R9: {=IF(OR(Formulas!T6=0,Formulas!T6="",RIGHT(Formulas!U6)="0"),"", HYPERLINK("["&Archivo_Nombre&"]Datos!"&LEFT(SUBSTITUTE(ADDRESS(1,IF(Formulas!T6=1,1,RIGHT(Formulas!U6)+2)),"$",""))&Formulas!S6+1, IFERROR(INDEX(Datos!$A$1:$K$1,1,RIGHT(Formulas!U6)+2)&IF(Formulas!T6=1," "&Formulas!S6,"")&":","")))} -> Previsto: | S9: {=IF(OR(Formulas!T6=0,Formulas!T6="",RIGHT(Formulas!U6)="0"),"", HYPERLINK("["&Archivo_Nombre&"]Datos!"&LEFT(SUBSTITUTE(ADDRESS(1,RIGHT(Formulas!U6)+2),"$",""))&Formulas!S6+1, IFERROR(INDEX(Datos!$A$2:$K$101,Formulas!S6,RIGHT(Formulas!U6)+2),"")))} -> 46177 | T9: {=IF(OR(Formulas!U7=0,Formulas!U7=""),"",HYPERLINK("["&Archivo_Nombre&"]Datos!"&LEFT(SUBSTITUTE(ADDRESS(1,Formulas!U7+2),"$",""))&Formulas!T7+1, IFERROR(INDEX(Datos!$A$2:$K$101,Formulas!T7,Formulas!U7+2),"")))} -> #VALUE! | W9: {=IF(OR(Formulas!Y6=0,Formulas!Y6="",RIGHT(Formulas!Z6)="0"),"", HYPERLINK("["&Archivo_Nombre&"]Datos!"&LEFT(SUBSTITUTE(ADDRESS(1,IF(Formulas!Y6=1,1,RIGHT(Formulas!Z6)+2)),"$",""))&Formulas!X6+1, IFERROR(INDEX(Datos!$A$1:$K$1,1,RIGHT(Formulas!Z6)+2)&IF(Formulas!Y6=1," "&Formulas!X6,"")&":","")))} | X9: {=IF(OR(Formulas!Y6=0,Formulas!Y6="",RIGHT(Formulas!Z6)="0"),"", HYPERLINK("["&Archivo_Nombre&"]Datos!"&LEFT(SUBSTITUTE(ADDRESS(1,RIGHT(Formulas!Z6)+2),"$",""))&Formulas!X6+1, IFERROR(INDEX(Datos!$A$2:$K$101,Formulas!X6,RIGHT(Formulas!Z6)+2),"")))} | Y9: {=IF(OR(Formulas!Z7=0,Formulas!Z7=""),"",HYPERLINK("["&Archivo_Nombre&"]Datos!"&LEFT(SUBSTITUTE(ADDRESS(1,Formulas!Z7+2),"$",""))&Formulas!Y7+1, IFERROR(INDEX(Datos!$A$2:$K$101,Formulas!Y7,Formulas!Z7+2),"")))} | AB9: {=IF(OR(Formulas!AD6=0,Formulas!AD6="",RIGHT(Formulas!AE6)="0"),"", HYPERLINK("["&Archivo_Nombre&"]Datos!"&LEFT(SUBSTITUTE(ADDRESS(1,IF(Formulas!AD6=1,1,RIGHT(Formulas!AE6)+2)),"$",""))&Formulas!AC6+1, IFERROR(INDEX(Datos!$A$1:$K$1,1,RIGHT(Formulas!AE6)+2)&IF(Formulas!AD6=1," "&Formulas!AC6,"")&":","")))} | AC9: {=IF(OR(Formulas!AD6=0,Formulas!AD6="",RIGHT(Formulas!AE6)="0"),"", HYPERLINK("["&Archivo_Nombre&"]Datos!"&LEFT(SUBSTITUTE(ADDRESS(1,RIGHT(Formulas!AE6)+2),"$",""))&Formulas!AC6+1, IFERROR(INDEX(Datos!$A$2:$K$101,Formulas!AC6,RIGHT(Formulas!AE6)+2),"")))} | AD9: {=IF(OR(Formulas!AE7=0,Formulas!AE7=""),"",HYPERLINK("["&Archivo_Nombre&"]Datos!"&LEFT(SUBSTITUTE(ADDRESS(1,Formulas!AE7+2),"$",""))&Formulas!AD7+1, IFERROR(INDEX(Datos!$A$2:$K$101,Formulas!AD7,Formulas!AE7+2),"")))} | AG9: {=IF(OR(Formulas!AI6=0,Formulas!AI6="",RIGHT(Formulas!AJ6)="0"),"", HYPERLINK("["&Archivo_Nombre&"]Datos!"&LEFT(SUBSTITUTE(ADDRESS(1,IF(Formulas!AI6=1,1,RIGHT(Formulas!AJ6)+2)),"$",""))&Formulas!AH6+1, IFERROR(INDEX(Datos!$A$1:$K$1,1,RIGHT(Formulas!AJ6)+2)&IF(Formulas!AI6=1," "&Formulas!AH6,"")&":","")))} | AH9: {=IF(OR(Formulas!AI6=0,Formulas!AI6="",RIGHT(Formulas!AJ6)="0"),"", HYPERLINK("["&Archivo_Nombre&"]Datos!"&LEFT(SUBSTITUTE(ADDRESS(1,RIGHT(Formulas!AJ6)+2),"$",""))&Formulas!AH6+1, IFERROR(INDEX(Datos!$A$2:$K$101,Formulas!AH6,RIGHT(Formulas!AJ6)+2),"")))} | AI9: {=IF(OR(Formulas!AJ7=0,Formulas!AJ7=""),"",HYPERLINK("["&Archivo_Nombre&"]Datos!"&LEFT(SUBSTITUTE(ADDRESS(1,Formulas!AJ7+2),"$",""))&Formulas!AI7+1, IFERROR(INDEX(Datos!$A$2:$K$101,Formulas!AI7,Formulas!AJ7+2),"")))} | AL9: {=IF(OR(Formulas!AN6=0,Formulas!AN6="",RIGHT(Formulas!AO6)="0"),"", HYPERLINK("["&Archivo_Nombre&"]Datos!"&LEFT(SUBSTITUTE(ADDRESS(1,IF(Formulas!AN6=1,1,RIGHT(Formulas!AO6)+2)),"$",""))&Formulas!AM6+1, IFERROR(INDEX(Datos!$A$1:$K$1,1,RIGHT(Formulas!AO6)+2)&IF(Formulas!AN6=1," "&Formulas!AM6,"")&":","")))} | AM9: {=IF(OR(Formulas!AN6=0,Formulas!AN6="",RIGHT(Formulas!AO6)="0"),"", HYPERLINK("["&Archivo_Nombre&"]Datos!"&LEFT(SUBSTITUTE(ADDRESS(1,RIGHT(Formulas!AO6)+2),"$",""))&Formulas!AM6+1, IFERROR(INDEX(Datos!$A$2:$K$101,Formulas!AM6,RIGHT(Formulas!AO6)+2),"")))} | AN9: {=IF(OR(Formulas!AO7=0,Formulas!AO7=""),"",HYPERLINK("["&Archivo_Nombre&"]Datos!"&LEFT(SUBSTITUTE(ADDRESS(1,Formulas!AO7+2),"$",""))&Formulas!AN7+1, IFERROR(INDEX(Datos!$A$2:$K$101,Formulas!AN7,Formulas!AO7+2),"")))} | AQ9: {=IF(OR(Formulas!AS6=0,Formulas!AS6="",RIGHT(Formulas!AT6)="0"),"", HYPERLINK("["&Archivo_Nombre&"]Datos!"&LEFT(SUBSTITUTE(ADDRESS(1,IF(Formulas!AS6=1,1,RIGHT(Formulas!AT6)+2)),"$",""))&Formulas!AR6+1, IFERROR(INDEX(Datos!$A$1:$K$1,1,RIGHT(Formulas!AT6)+2)&IF(Formulas!AS6=1," "&Formulas!AR6,"")&":","")))} | AR9: {=IF(OR(Formulas!AS6=0,Formulas!AS6="",RIGHT(Formulas!AT6)="0"),"", HYPERLINK("["&Archivo_Nombre&"]Datos!"&LEFT(SUBSTITUTE(ADDRESS(1,RIGHT(Formulas!AT6)+2),"$",""))&Formulas!AR6+1, IFERROR(INDEX(Datos!$A$2:$K$101,Formulas!AR6,RIGHT(Formulas!AT6)+2),"")))} | AS9: {=IF(OR(Formulas!AT7=0,Formulas!AT7=""),"",HYPERLINK("["&Archivo_Nombre&"]Datos!"&LEFT(SUBSTITUTE(ADDRESS(1,Formulas!AT7+2),"$",""))&Formulas!AS7+1, IFERROR(INDEX(Datos!$A$2:$K$101,Formulas!AS7,Formulas!AT7+2),"")))} | AV9: {=IF(OR(Formulas!AX6=0,Formulas!AX6="",RIGHT(Formulas!AY6)="0"),"", HYPERLINK("["&Archivo_Nombre&"]Datos!"&LEFT(SUBSTITUTE(ADDRESS(1,IF(Formulas!AX6=1,1,RIGHT(Formulas!AY6)+2)),"$",""))&Formulas!AW6+1, IFERROR(INDEX(Datos!$A$1:$K$1,1,RIGHT(Formulas!AY6)+2)&IF(Formulas!AX6=1," "&Formulas!AW6,"")&":","")))} | AW9: {=IF(OR(Formulas!AX6=0,Formulas!AX6="",RIGHT(Formulas!AY6)="0"),"", HYPERLINK("["&Archivo_Nombre&"]Datos!"&LEFT(SUBSTITUTE(ADDRESS(1,RIGHT(Formulas!AY6)+2),"$",""))&Formulas!AW6+1, IFERROR(INDEX(Datos!$A$2:$K$101,Formulas!AW6,RIGHT(Formulas!AY6)+2),"")))} | AX9: {=IF(OR(Formulas!AY7=0,Formulas!AY7=""),"",HYPERLINK("["&Archivo_Nombre&"]Datos!"&LEFT(SUBSTITUTE(ADDRESS(1,Formulas!AY7+2),"$",""))&Formulas!AX7+1, IFERROR(INDEX(Datos!$A$2:$K$101,Formulas!AX7,Formulas!AY7+2),"")))}
C10: {=IF(OR(Formulas!E7=0,Formulas!E7="",RIGHT(Formulas!F7)="0"),"", HYPERLINK("["&Archivo_Nombre&"]Datos!"&LEFT(SUBSTITUTE(ADDRESS(1,IF(Formulas!E7=1,1,RIGHT(Formulas!F7)+2)),"$",""))&Formulas!D7+1, IFERROR(INDEX(Datos!$A$1:$K$1,1,RIGHT(Formulas!F7)+2)&IF(Formulas!E7=1," "&Formulas!D7,"")&":","")))} -> Final: | D10: {=IF(OR(Formulas!E7=0,Formulas!E7="",RIGHT(Formulas!F7)="0"),"", HYPERLINK("["&Archivo_Nombre&"]Datos!"&LEFT(SUBSTITUTE(ADDRESS(1,RIGHT(Formulas!F7)+2),"$",""))&Formulas!D7+1, IFERROR(INDEX(Datos!$A$2:$K$101,Formulas!D7,RIGHT(Formulas!F7)+2),"")))} -> 46187 | E10: {=IF(OR(Formulas!F8=0,Formulas!F8=""),"",HYPERLINK("["&Archivo_Nombre&"]Datos!"&LEFT(SUBSTITUTE(ADDRESS(1,Formulas!F8+2),"$",""))&Formulas!E8+1, IFERROR(INDEX(Datos!$A$2:$K$101,Formulas!E8,Formulas!F8+2),"")))} -> #VALUE! | H10: {=IF(OR(Formulas!J7=0,Formulas!J7="",RIGHT(Formulas!K7)="0"),"", HYPERLINK("["&Archivo_Nombre&"]Datos!"&LEFT(SUBSTITUTE(ADDRESS(1,IF(Formulas!J7=1,1,RIGHT(Formulas!K7)+2)),"$",""))&Formulas!I7+1, IFERROR(INDEX(Datos!$A$1:$K$1,1,RIGHT(Formulas!K7)+2)&IF(Formulas!J7=1," "&Formulas!I7,"")&":","")))} -> Final: | I10: {=IF(OR(Formulas!J7=0,Formulas!J7="",RIGHT(Formulas!K7)="0"),"", HYPERLINK("["&Archivo_Nombre&"]Datos!"&LEFT(SUBSTITUTE(ADDRESS(1,RIGHT(Formulas!K7)+2),"$",""))&Formulas!I7+1, IFERROR(INDEX(Datos!$A$2:$K$101,Formulas!I7,RIGHT(Formulas!K7)+2),"")))} -> 46187 | J10: {=IF(OR(Formulas!K8=0,Formulas!K8=""),"",HYPERLINK("["&Archivo_Nombre&"]Datos!"&LEFT(SUBSTITUTE(ADDRESS(1,Formulas!K8+2),"$",""))&Formulas!J8+1, IFERROR(INDEX(Datos!$A$2:$K$101,Formulas!J8,Formulas!K8+2),"")))} -> #VALUE! | M10: {=IF(OR(Formulas!O7=0,Formulas!O7="",RIGHT(Formulas!P7)="0"),"", HYPERLINK("["&Archivo_Nombre&"]Datos!"&LEFT(SUBSTITUTE(ADDRESS(1,IF(Formulas!O7=1,1,RIGHT(Formulas!P7)+2)),"$",""))&Formulas!N7+1, IFERROR(INDEX(Datos!$A$1:$K$1,1,RIGHT(Formulas!P7)+2)&IF(Formulas!O7=1," "&Formulas!N7,"")&":","")))} -> Final: | N10: {=IF(OR(Formulas!O7=0,Formulas!O7="",RIGHT(Formulas!P7)="0"),"", HYPERLINK("["&Archivo_Nombre&"]Datos!"&LEFT(SUBSTITUTE(ADDRESS(1,RIGHT(Formulas!P7)+2),"$",""))&Formulas!N7+1, IFERROR(INDEX(Datos!$A$2:$K$101,Formulas!N7,RIGHT(Formulas!P7)+2),"")))} -> 46190 | O10: {=IF(OR(Formulas!P8=0,Formulas!P8=""),"",HYPERLINK("["&Archivo_Nombre&"]Datos!"&LEFT(SUBSTITUTE(ADDRESS(1,Formulas!P8+2),"$",""))&Formulas!O8+1, IFERROR(INDEX(Datos!$A$2:$K$101,Formulas!O8,Formulas!P8+2),"")))} -> #VALUE! | R10: {=IF(OR(Formulas!T7=0,Formulas!T7="",RIGHT(Formulas!U7)="0"),"", HYPERLINK("["&Archivo_Nombre&"]Datos!"&LEFT(SUBSTITUTE(ADDRESS(1,IF(Formulas!T7=1,1,RIGHT(Formulas!U7)+2)),"$",""))&Formulas!S7+1, IFERROR(INDEX(Datos!$A$1:$K$1,1,RIGHT(Formulas!U7)+2)&IF(Formulas!T7=1," "&Formulas!S7,"")&":","")))} -> Final: | S10: {=IF(OR(Formulas!T7=0,Formulas!T7="",RIGHT(Formulas!U7)="0"),"", HYPERLINK("["&Archivo_Nombre&"]Datos!"&LEFT(SUBSTITUTE(ADDRESS(1,RIGHT(Formulas!U7)+2),"$",""))&Formulas!S7+1, IFERROR(INDEX(Datos!$A$2:$K$101,Formulas!S7,RIGHT(Formulas!U7)+2),"")))} -> 46177 | T10: {=IF(OR(Formulas!U8=0,Formulas!U8=""),"",HYPERLINK("["&Archivo_Nombre&"]Datos!"&LEFT(SUBSTITUTE(ADDRESS(1,Formulas!U8+2),"$",""))&Formulas!T8+1, IFERROR(INDEX(Datos!$A$2:$K$101,Formulas!T8,Formulas!U8+2),"")))} -> #VALUE! | W10: {=IF(OR(Formulas!Y7=0,Formulas!Y7="",RIGHT(Formulas!Z7)="0"),"", HYPERLINK("["&Archivo_Nombre&"]Datos!"&LEFT(SUBSTITUTE(ADDRESS(1,IF(Formulas!Y7=1,1,RIGHT(Formulas!Z7)+2)),"$",""))&Formulas!X7+1, IFERROR(INDEX(Datos!$A$1:$K$1,1,RIGHT(Formulas!Z7)+2)&IF(Formulas!Y7=1," "&Formulas!X7,"")&":","")))} | X10: {=IF(OR(Formulas!Y7=0,Formulas!Y7="",RIGHT(Formulas!Z7)="0"),"", HYPERLINK("["&Archivo_Nombre&"]Datos!"&LEFT(SUBSTITUTE(ADDRESS(1,RIGHT(Formulas!Z7)+2),"$",""))&Formulas!X7+1, IFERROR(INDEX(Datos!$A$2:$K$101,Formulas!X7,RIGHT(Formulas!Z7)+2),"")))} | Y10: {=IF(OR(Formulas!Z8=0,Formulas!Z8=""),"",HYPERLINK("["&Archivo_Nombre&"]Datos!"&LEFT(SUBSTITUTE(ADDRESS(1,Formulas!Z8+2),"$",""))&Formulas!Y8+1, IFERROR(INDEX(Datos!$A$2:$K$101,Formulas!Y8,Formulas!Z8+2),"")))} | AB10: {=IF(OR(Formulas!AD7=0,Formulas!AD7="",RIGHT(Formulas!AE7)="0"),"", HYPERLINK("["&Archivo_Nombre&"]Datos!"&LEFT(SUBSTITUTE(ADDRESS(1,IF(Formulas!AD7=1,1,RIGHT(Formulas!AE7)+2)),"$",""))&Formulas!AC7+1, IFERROR(INDEX(Datos!$A$1:$K$1,1,RIGHT(Formulas!AE7)+2)&IF(Formulas!AD7=1," "&Formulas!AC7,"")&":","")))} | AC10: {=IF(OR(Formulas!AD7=0,Formulas!AD7="",RIGHT(Formulas!AE7)="0"),"", HYPERLINK("["&Archivo_Nombre&"]Datos!"&LEFT(SUBSTITUTE(ADDRESS(1,RIGHT(Formulas!AE7)+2),"$",""))&Formulas!AC7+1, IFERROR(INDEX(Datos!$A$2:$K$101,Formulas!AC7,RIGHT(Formulas!AE7)+2),"")))} | AD10: {=IF(OR(Formulas!AE8=0,Formulas!AE8=""),"",HYPERLINK("["&Archivo_Nombre&"]Datos!"&LEFT(SUBSTITUTE(ADDRESS(1,Formulas!AE8+2),"$",""))&Formulas!AD8+1, IFERROR(INDEX(Datos!$A$2:$K$101,Formulas!AD8,Formulas!AE8+2),"")))} | AG10: {=IF(OR(Formulas!AI7=0,Formulas!AI7="",RIGHT(Formulas!AJ7)="0"),"", HYPERLINK("["&Archivo_Nombre&"]Datos!"&LEFT(SUBSTITUTE(ADDRESS(1,IF(Formulas!AI7=1,1,RIGHT(Formulas!AJ7)+2)),"$",""))&Formulas!AH7+1, IFERROR(INDEX(Datos!$A$1:$K$1,1,RIGHT(Formulas!AJ7)+2)&IF(Formulas!AI7=1," "&Formulas!AH7,"")&":","")))} | AH10: {=IF(OR(Formulas!AI7=0,Formulas!AI7="",RIGHT(Formulas!AJ7)="0"),"", HYPERLINK("["&Archivo_Nombre&"]Datos!"&LEFT(SUBSTITUTE(ADDRESS(1,RIGHT(Formulas!AJ7)+2),"$",""))&Formulas!AH7+1, IFERROR(INDEX(Datos!$A$2:$K$101,Formulas!AH7,RIGHT(Formulas!AJ7)+2),"")))} | AI10: {=IF(OR(Formulas!AJ8=0,Formulas!AJ8=""),"",HYPERLINK("["&Archivo_Nombre&"]Datos!"&LEFT(SUBSTITUTE(ADDRESS(1,Formulas!AJ8+2),"$",""))&Formulas!AI8+1, IFERROR(INDEX(Datos!$A$2:$K$101,Formulas!AI8,Formulas!AJ8+2),"")))} | AL10: {=IF(OR(Formulas!AN7=0,Formulas!AN7="",RIGHT(Formulas!AO7)="0"),"", HYPERLINK("["&Archivo_Nombre&"]Datos!"&LEFT(SUBSTITUTE(ADDRESS(1,IF(Formulas!AN7=1,1,RIGHT(Formulas!AO7)+2)),"$",""))&Formulas!AM7+1, IFERROR(INDEX(Datos!$A$1:$K$1,1,RIGHT(Formulas!AO7)+2)&IF(Formulas!AN7=1," "&Formulas!AM7,"")&":","")))} | AM10: {=IF(OR(Formulas!AN7=0,Formulas!AN7="",RIGHT(Formulas!AO7)="0"),"", HYPERLINK("["&Archivo_Nombre&"]Datos!"&LEFT(SUBSTITUTE(ADDRESS(1,RIGHT(Formulas!AO7)+2),"$",""))&Formulas!AM7+1, IFERROR(INDEX(Datos!$A$2:$K$101,Formulas!AM7,RIGHT(Formulas!AO7)+2),"")))} | AN10: {=IF(OR(Formulas!AO8=0,Formulas!AO8=""),"",HYPERLINK("["&Archivo_Nombre&"]Datos!"&LEFT(SUBSTITUTE(ADDRESS(1,Formulas!AO8+2),"$",""))&Formulas!AN8+1, IFERROR(INDEX(Datos!$A$2:$K$101,Formulas!AN8,Formulas!AO8+2),"")))} | AQ10: {=IF(OR(Formulas!AS7=0,Formulas!AS7="",RIGHT(Formulas!AT7)="0"),"", HYPERLINK("["&Archivo_Nombre&"]Datos!"&LEFT(SUBSTITUTE(ADDRESS(1,IF(Formulas!AS7=1,1,RIGHT(Formulas!AT7)+2)),"$",""))&Formulas!AR7+1, IFERROR(INDEX(Datos!$A$1:$K$1,1,RIGHT(Formulas!AT7)+2)&IF(Formulas!AS7=1," "&Formulas!AR7,"")&":","")))} | AR10: {=IF(OR(Formulas!AS7=0,Formulas!AS7="",RIGHT(Formulas!AT7)="0"),"", HYPERLINK("["&Archivo_Nombre&"]Datos!"&LEFT(SUBSTITUTE(ADDRESS(1,RIGHT(Formulas!AT7)+2),"$",""))&Formulas!AR7+1, IFERROR(INDEX(Datos!$A$2:$K$101,Formulas!AR7,RIGHT(Formulas!AT7)+2),"")))} | AS10: {=IF(OR(Formulas!AT8=0,Formulas!AT8=""),"",HYPERLINK("["&Archivo_Nombre&"]Datos!"&LEFT(SUBSTITUTE(ADDRESS(1,Formulas!AT8+2),"$",""))&Formulas!AS8+1, IFERROR(INDEX(Datos!$A$2:$K$101,Formulas!AS8,Formulas!AT8+2),"")))} | AV10: {=IF(OR(Formulas!AX7=0,Formulas!AX7="",RIGHT(Formulas!AY7)="0"),"", HYPERLINK("["&Archivo_Nombre&"]Datos!"&LEFT(SUBSTITUTE(ADDRESS(1,IF(Formulas!AX7=1,1,RIGHT(Formulas!AY7)+2)),"$",""))&Formulas!AW7+1, IFERROR(INDEX(Datos!$A$1:$K$1,1,RIGHT(Formulas!AY7)+2)&IF(Formulas!AX7=1," "&Formulas!AW7,"")&":","")))} | AW10: {=IF(OR(Formulas!AX7=0,Formulas!AX7="",RIGHT(Formulas!AY7)="0"),"", HYPERLINK("["&Archivo_Nombre&"]Datos!"&LEFT(SUBSTITUTE(ADDRESS(1,RIGHT(Formulas!AY7)+2),"$",""))&Formulas!AW7+1, IFERROR(INDEX(Datos!$A$2:$K$101,Formulas!AW7,RIGHT(Formulas!AY7)+2),"")))} | AX10: {=IF(OR(Formulas!AY8=0,Formulas!AY8=""),"",HYPERLINK("["&Archivo_Nombre&"]Datos!"&LEFT(SUBSTITUTE(ADDRESS(1,Formulas!AY8+2),"$",""))&Formulas!AX8+1, IFERROR(INDEX(Datos!$A$2:$K$101,Formulas!AX8,Formulas!AY8+2),"")))}
C11: {=IF(OR(Formulas!E8=0,Formulas!E8="",RIGHT(Formulas!F8)="0"),"", HYPERLINK("["&Archivo_Nombre&"]Datos!"&LEFT(SUBSTITUTE(ADDRESS(1,IF(Formulas!E8=1,1,RIGHT(Formulas!F8)+2)),"$",""))&Formulas!D8+1, IFERROR(INDEX(Datos!$A$1:$K$1,1,RIGHT(Formulas!F8)+2)&IF(Formulas!E8=1," "&Formulas!D8,"")&":","")))} -> Duración: | D11: {=IF(OR(Formulas!E8=0,Formulas!E8="",RIGHT(Formulas!F8)="0"),"", HYPERLINK("["&Archivo_Nombre&"]Datos!"&LEFT(SUBSTITUTE(ADDRESS(1,RIGHT(Formulas!F8)+2),"$",""))&Formulas!D8+1, IFERROR(INDEX(Datos!$A$2:$K$101,Formulas!D8,RIGHT(Formulas!F8)+2),"")))} -> 3 días | E11: {=IF(OR(Formulas!F9=0,Formulas!F9=""),"",HYPERLINK("["&Archivo_Nombre&"]Datos!"&LEFT(SUBSTITUTE(ADDRESS(1,Formulas!F9+2),"$",""))&Formulas!E9+1, IFERROR(INDEX(Datos!$A$2:$K$101,Formulas!E9,Formulas!F9+2),"")))} -> #VALUE! | H11: {=IF(OR(Formulas!J8=0,Formulas!J8="",RIGHT(Formulas!K8)="0"),"", HYPERLINK("["&Archivo_Nombre&"]Datos!"&LEFT(SUBSTITUTE(ADDRESS(1,IF(Formulas!J8=1,1,RIGHT(Formulas!K8)+2)),"$",""))&Formulas!I8+1, IFERROR(INDEX(Datos!$A$1:$K$1,1,RIGHT(Formulas!K8)+2)&IF(Formulas!J8=1," "&Formulas!I8,"")&":","")))} -> Duración: | I11: {=IF(OR(Formulas!J8=0,Formulas!J8="",RIGHT(Formulas!K8)="0"),"", HYPERLINK("["&Archivo_Nombre&"]Datos!"&LEFT(SUBSTITUTE(ADDRESS(1,RIGHT(Formulas!K8)+2),"$",""))&Formulas!I8+1, IFERROR(INDEX(Datos!$A$2:$K$101,Formulas!I8,RIGHT(Formulas!K8)+2),"")))} -> 3 días | J11: {=IF(OR(Formulas!K9=0,Formulas!K9=""),"",HYPERLINK("["&Archivo_Nombre&"]Datos!"&LEFT(SUBSTITUTE(ADDRESS(1,Formulas!K9+2),"$",""))&Formulas!J9+1, IFERROR(INDEX(Datos!$A$2:$K$101,Formulas!J9,Formulas!K9+2),"")))} -> #VALUE! | M11: {=IF(OR(Formulas!O8=0,Formulas!O8="",RIGHT(Formulas!P8)="0"),"", HYPERLINK("["&Archivo_Nombre&"]Datos!"&LEFT(SUBSTITUTE(ADDRESS(1,IF(Formulas!O8=1,1,RIGHT(Formulas!P8)+2)),"$",""))&Formulas!N8+1, IFERROR(INDEX(Datos!$A$1:$K$1,1,RIGHT(Formulas!P8)+2)&IF(Formulas!O8=1," "&Formulas!N8,"")&":","")))} -> Duración: | N11: {=IF(OR(Formulas!O8=0,Formulas!O8="",RIGHT(Formulas!P8)="0"),"", HYPERLINK("["&Archivo_Nombre&"]Datos!"&LEFT(SUBSTITUTE(ADDRESS(1,RIGHT(Formulas!P8)+2),"$",""))&Formulas!N8+1, IFERROR(INDEX(Datos!$A$2:$K$101,Formulas!N8,RIGHT(Formulas!P8)+2),"")))} -> 1 días | O11: {=IF(OR(Formulas!P9=0,Formulas!P9=""),"",HYPERLINK("["&Archivo_Nombre&"]Datos!"&LEFT(SUBSTITUTE(ADDRESS(1,Formulas!P9+2),"$",""))&Formulas!O9+1, IFERROR(INDEX(Datos!$A$2:$K$101,Formulas!O9,Formulas!P9+2),"")))} -> #VALUE! | R11: {=IF(OR(Formulas!T8=0,Formulas!T8="",RIGHT(Formulas!U8)="0"),"", HYPERLINK("["&Archivo_Nombre&"]Datos!"&LEFT(SUBSTITUTE(ADDRESS(1,IF(Formulas!T8=1,1,RIGHT(Formulas!U8)+2)),"$",""))&Formulas!S8+1, IFERROR(INDEX(Datos!$A$1:$K$1,1,RIGHT(Formulas!U8)+2)&IF(Formulas!T8=1," "&Formulas!S8,"")&":","")))} -> Duración: | S11: {=IF(OR(Formulas!T8=0,Formulas!T8="",RIGHT(Formulas!U8)="0"),"", HYPERLINK("["&Archivo_Nombre&"]Datos!"&LEFT(SUBSTITUTE(ADDRESS(1,RIGHT(Formulas!U8)+2),"$",""))&Formulas!S8+1, IFERROR(INDEX(Datos!$A$2:$K$101,Formulas!S8,RIGHT(Formulas!U8)+2),"")))} -> 1 días | T11: {=IF(OR(Formulas!U9=0,Formulas!U9=""),"",HYPERLINK("["&Archivo_Nombre&"]Datos!"&LEFT(SUBSTITUTE(ADDRESS(1,Formulas!U9+2),"$",""))&Formulas!T9+1, IFERROR(INDEX(Datos!$A$2:$K$101,Formulas!T9,Formulas!U9+2),"")))} -> #VALUE! | W11: {=IF(OR(Formulas!Y8=0,Formulas!Y8="",RIGHT(Formulas!Z8)="0"),"", HYPERLINK("["&Archivo_Nombre&"]Datos!"&LEFT(SUBSTITUTE(ADDRESS(1,IF(Formulas!Y8=1,1,RIGHT(Formulas!Z8)+2)),"$",""))&Formulas!X8+1, IFERROR(INDEX(Datos!$A$1:$K$1,1,RIGHT(Formulas!Z8)+2)&IF(Formulas!Y8=1," "&Formulas!X8,"")&":","")))} | X11: {=IF(OR(Formulas!Y8=0,Formulas!Y8="",RIGHT(Formulas!Z8)="0"),"", HYPERLINK("["&Archivo_Nombre&"]Datos!"&LEFT(SUBSTITUTE(ADDRESS(1,RIGHT(Formulas!Z8)+2),"$",""))&Formulas!X8+1, IFERROR(INDEX(Datos!$A$2:$K$101,Formulas!X8,RIGHT(Formulas!Z8)+2),"")))} | Y11: {=IF(OR(Formulas!Z9=0,Formulas!Z9=""),"",HYPERLINK("["&Archivo_Nombre&"]Datos!"&LEFT(SUBSTITUTE(ADDRESS(1,Formulas!Z9+2),"$",""))&Formulas!Y9+1, IFERROR(INDEX(Datos!$A$2:$K$101,Formulas!Y9,Formulas!Z9+2),"")))} | AB11: {=IF(OR(Formulas!AD8=0,Formulas!AD8="",RIGHT(Formulas!AE8)="0"),"", HYPERLINK("["&Archivo_Nombre&"]Datos!"&LEFT(SUBSTITUTE(ADDRESS(1,IF(Formulas!AD8=1,1,RIGHT(Formulas!AE8)+2)),"$",""))&Formulas!AC8+1, IFERROR(INDEX(Datos!$A$1:$K$1,1,RIGHT(Formulas!AE8)+2)&IF(Formulas!AD8=1," "&Formulas!AC8,"")&":","")))} | AC11: {=IF(OR(Formulas!AD8=0,Formulas!AD8="",RIGHT(Formulas!AE8)="0"),"", HYPERLINK("["&Archivo_Nombre&"]Datos!"&LEFT(SUBSTITUTE(ADDRESS(1,RIGHT(Formulas!AE8)+2),"$",""))&Formulas!AC8+1, IFERROR(INDEX(Datos!$A$2:$K$101,Formulas!AC8,RIGHT(Formulas!AE8)+2),"")))} | AD11: {=IF(OR(Formulas!AE9=0,Formulas!AE9=""),"",HYPERLINK("["&Archivo_Nombre&"]Datos!"&LEFT(SUBSTITUTE(ADDRESS(1,Formulas!AE9+2),"$",""))&Formulas!AD9+1, IFERROR(INDEX(Datos!$A$2:$K$101,Formulas!AD9,Formulas!AE9+2),"")))} | AG11: {=IF(OR(Formulas!AI8=0,Formulas!AI8="",RIGHT(Formulas!AJ8)="0"),"", HYPERLINK("["&Archivo_Nombre&"]Datos!"&LEFT(SUBSTITUTE(ADDRESS(1,IF(Formulas!AI8=1,1,RIGHT(Formulas!AJ8)+2)),"$",""))&Formulas!AH8+1, IFERROR(INDEX(Datos!$A$1:$K$1,1,RIGHT(Formulas!AJ8)+2)&IF(Formulas!AI8=1," "&Formulas!AH8,"")&":","")))} | AH11: {=IF(OR(Formulas!AI8=0,Formulas!AI8="",RIGHT(Formulas!AJ8)="0"),"", HYPERLINK("["&Archivo_Nombre&"]Datos!"&LEFT(SUBSTITUTE(ADDRESS(1,RIGHT(Formulas!AJ8)+2),"$",""))&Formulas!AH8+1, IFERROR(INDEX(Datos!$A$2:$K$101,Formulas!AH8,RIGHT(Formulas!AJ8)+2),"")))} | AI11: {=IF(OR(Formulas!AJ9=0,Formulas!AJ9=""),"",HYPERLINK("["&Archivo_Nombre&"]Datos!"&LEFT(SUBSTITUTE(ADDRESS(1,Formulas!AJ9+2),"$",""))&Formulas!AI9+1, IFERROR(INDEX(Datos!$A$2:$K$101,Formulas!AI9,Formulas!AJ9+2),"")))} | AL11: {=IF(OR(Formulas!AN8=0,Formulas!AN8="",RIGHT(Formulas!AO8)="0"),"", HYPERLINK("["&Archivo_Nombre&"]Datos!"&LEFT(SUBSTITUTE(ADDRESS(1,IF(Formulas!AN8=1,1,RIGHT(Formulas!AO8)+2)),"$",""))&Formulas!AM8+1, IFERROR(INDEX(Datos!$A$1:$K$1,1,RIGHT(Formulas!AO8)+2)&IF(Formulas!AN8=1," "&Formulas!AM8,"")&":","")))} | AM11: {=IF(OR(Formulas!AN8=0,Formulas!AN8="",RIGHT(Formulas!AO8)="0"),"", HYPERLINK("["&Archivo_Nombre&"]Datos!"&LEFT(SUBSTITUTE(ADDRESS(1,RIGHT(Formulas!AO8)+2),"$",""))&Formulas!AM8+1, IFERROR(INDEX(Datos!$A$2:$K$101,Formulas!AM8,RIGHT(Formulas!AO8)+2),"")))} | AN11: {=IF(OR(Formulas!AO9=0,Formulas!AO9=""),"",HYPERLINK("["&Archivo_Nombre&"]Datos!"&LEFT(SUBSTITUTE(ADDRESS(1,Formulas!AO9+2),"$",""))&Formulas!AN9+1, IFERROR(INDEX(Datos!$A$2:$K$101,Formulas!AN9,Formulas!AO9+2),"")))} | AQ11: {=IF(OR(Formulas!AS8=0,Formulas!AS8="",RIGHT(Formulas!AT8)="0"),"", HYPERLINK("["&Archivo_Nombre&"]Datos!"&LEFT(SUBSTITUTE(ADDRESS(1,IF(Formulas!AS8=1,1,RIGHT(Formulas!AT8)+2)),"$",""))&Formulas!AR8+1, IFERROR(INDEX(Datos!$A$1:$K$1,1,RIGHT(Formulas!AT8)+2)&IF(Formulas!AS8=1," "&Formulas!AR8,"")&":","")))} | AR11: {=IF(OR(Formulas!AS8=0,Formulas!AS8="",RIGHT(Formulas!AT8)="0"),"", HYPERLINK("["&Archivo_Nombre&"]Datos!"&LEFT(SUBSTITUTE(ADDRESS(1,RIGHT(Formulas!AT8)+2),"$",""))&Formulas!AR8+1, IFERROR(INDEX(Datos!$A$2:$K$101,Formulas!AR8,RIGHT(Formulas!AT8)+2),"")))} | AS11: {=IF(OR(Formulas!AT9=0,Formulas!AT9=""),"",HYPERLINK("["&Archivo_Nombre&"]Datos!"&LEFT(SUBSTITUTE(ADDRESS(1,Formulas!AT9+2),"$",""))&Formulas!AS9+1, IFERROR(INDEX(Datos!$A$2:$K$101,Formulas!AS9,Formulas!AT9+2),"")))} | AV11: {=IF(OR(Formulas!AX8=0,Formulas!AX8="",RIGHT(Formulas!AY8)="0"),"", HYPERLINK("["&Archivo_Nombre&"]Datos!"&LEFT(SUBSTITUTE(ADDRESS(1,IF(Formulas!AX8=1,1,RIGHT(Formulas!AY8)+2)),"$",""))&Formulas!AW8+1, IFERROR(INDEX(Datos!$A$1:$K$1,1,RIGHT(Formulas!AY8)+2)&IF(Formulas!AX8=1," "&Formulas!AW8,"")&":","")))} | AW11: {=IF(OR(Formulas!AX8=0,Formulas!AX8="",RIGHT(Formulas!AY8)="0"),"", HYPERLINK("["&Archivo_Nombre&"]Datos!"&LEFT(SUBSTITUTE(ADDRESS(1,RIGHT(Formulas!AY8)+2),"$",""))&Formulas!AW8+1, IFERROR(INDEX(Datos!$A$2:$K$101,Formulas!AW8,RIGHT(Formulas!AY8)+2),"")))} | AX11: {=IF(OR(Formulas!AY9=0,Formulas!AY9=""),"",HYPERLINK("["&Archivo_Nombre&"]Datos!"&LEFT(SUBSTITUTE(ADDRESS(1,Formulas!AY9+2),"$",""))&Formulas!AX9+1, IFERROR(INDEX(Datos!$A$2:$K$101,Formulas!AX9,Formulas!AY9+2),"")))}
C12: {=IF(OR(Formulas!E9=0,Formulas!E9="",RIGHT(Formulas!F9)="0"),"", HYPERLINK("["&Archivo_Nombre&"]Datos!"&LEFT(SUBSTITUTE(ADDRESS(1,IF(Formulas!E9=1,1,RIGHT(Formulas!F9)+2)),"$",""))&Formulas!D9+1, IFERROR(INDEX(Datos!$A$1:$K$1,1,RIGHT(Formulas!F9)+2)&IF(Formulas!E9=1," "&Formulas!D9,"")&":","")))} -> Retraso: | D12: {=IF(OR(Formulas!E9=0,Formulas!E9="",RIGHT(Formulas!F9)="0"),"", HYPERLINK("["&Archivo_Nombre&"]Datos!"&LEFT(SUBSTITUTE(ADDRESS(1,RIGHT(Formulas!F9)+2),"$",""))&Formulas!D9+1, IFERROR(INDEX(Datos!$A$2:$K$101,Formulas!D9,RIGHT(Formulas!F9)+2),"")))} -> 1 días | E12: {=IF(OR(Formulas!F10=0,Formulas!F10=""),"",HYPERLINK("["&Archivo_Nombre&"]Datos!"&LEFT(SUBSTITUTE(ADDRESS(1,Formulas!F10+2),"$",""))&Formulas!E10+1, IFERROR(INDEX(Datos!$A$2:$K$101,Formulas!E10,Formulas!F10+2),"")))} -> #VALUE! | H12: {=IF(OR(Formulas!J9=0,Formulas!J9="",RIGHT(Formulas!K9)="0"),"", HYPERLINK("["&Archivo_Nombre&"]Datos!"&LEFT(SUBSTITUTE(ADDRESS(1,IF(Formulas!J9=1,1,RIGHT(Formulas!K9)+2)),"$",""))&Formulas!I9+1, IFERROR(INDEX(Datos!$A$1:$K$1,1,RIGHT(Formulas!K9)+2)&IF(Formulas!J9=1," "&Formulas!I9,"")&":","")))} -> Retraso: | I12: {=IF(OR(Formulas!J9=0,Formulas!J9="",RIGHT(Formulas!K9)="0"),"", HYPERLINK("["&Archivo_Nombre&"]Datos!"&LEFT(SUBSTITUTE(ADDRESS(1,RIGHT(Formulas!K9)+2),"$",""))&Formulas!I9+1, IFERROR(INDEX(Datos!$A$2:$K$101,Formulas!I9,RIGHT(Formulas!K9)+2),"")))} -> 1 días | J12: {=IF(OR(Formulas!K10=0,Formulas!K10=""),"",HYPERLINK("["&Archivo_Nombre&"]Datos!"&LEFT(SUBSTITUTE(ADDRESS(1,Formulas!K10+2),"$",""))&Formulas!J10+1, IFERROR(INDEX(Datos!$A$2:$K$101,Formulas!J10,Formulas!K10+2),"")))} -> #VALUE! | M12: {=IF(OR(Formulas!O9=0,Formulas!O9="",RIGHT(Formulas!P9)="0"),"", HYPERLINK("["&Archivo_Nombre&"]Datos!"&LEFT(SUBSTITUTE(ADDRESS(1,IF(Formulas!O9=1,1,RIGHT(Formulas!P9)+2)),"$",""))&Formulas!N9+1, IFERROR(INDEX(Datos!$A$1:$K$1,1,RIGHT(Formulas!P9)+2)&IF(Formulas!O9=1," "&Formulas!N9,"")&":","")))} -> Retraso: | N12: {=IF(OR(Formulas!O9=0,Formulas!O9="",RIGHT(Formulas!P9)="0"),"", HYPERLINK("["&Archivo_Nombre&"]Datos!"&LEFT(SUBSTITUTE(ADDRESS(1,RIGHT(Formulas!P9)+2),"$",""))&Formulas!N9+1, IFERROR(INDEX(Datos!$A$2:$K$101,Formulas!N9,RIGHT(Formulas!P9)+2),"")))} -> 0 días | O12: {=IF(OR(Formulas!P10=0,Formulas!P10=""),"",HYPERLINK("["&Archivo_Nombre&"]Datos!"&LEFT(SUBSTITUTE(ADDRESS(1,Formulas!P10+2),"$",""))&Formulas!O10+1, IFERROR(INDEX(Datos!$A$2:$K$101,Formulas!O10,Formulas!P10+2),"")))} -> #VALUE! | R12: {=IF(OR(Formulas!T9=0,Formulas!T9="",RIGHT(Formulas!U9)="0"),"", HYPERLINK("["&Archivo_Nombre&"]Datos!"&LEFT(SUBSTITUTE(ADDRESS(1,IF(Formulas!T9=1,1,RIGHT(Formulas!U9)+2)),"$",""))&Formulas!S9+1, IFERROR(INDEX(Datos!$A$1:$K$1,1,RIGHT(Formulas!U9)+2)&IF(Formulas!T9=1," "&Formulas!S9,"")&":","")))} -> Retraso: | S12: {=IF(OR(Formulas!T9=0,Formulas!T9="",RIGHT(Formulas!U9)="0"),"", HYPERLINK("["&Archivo_Nombre&"]Datos!"&LEFT(SUBSTITUTE(ADDRESS(1,RIGHT(Formulas!U9)+2),"$",""))&Formulas!S9+1, IFERROR(INDEX(Datos!$A$2:$K$101,Formulas!S9,RIGHT(Formulas!U9)+2),"")))} -> 0 días | T12: {=IF(OR(Formulas!U10=0,Formulas!U10=""),"",HYPERLINK("["&Archivo_Nombre&"]Datos!"&LEFT(SUBSTITUTE(ADDRESS(1,Formulas!U10+2),"$",""))&Formulas!T10+1, IFERROR(INDEX(Datos!$A$2:$K$101,Formulas!T10,Formulas!U10+2),"")))} -> #VALUE! | W12: {=IF(OR(Formulas!Y9=0,Formulas!Y9="",RIGHT(Formulas!Z9)="0"),"", HYPERLINK("["&Archivo_Nombre&"]Datos!"&LEFT(SUBSTITUTE(ADDRESS(1,IF(Formulas!Y9=1,1,RIGHT(Formulas!Z9)+2)),"$",""))&Formulas!X9+1, IFERROR(INDEX(Datos!$A$1:$K$1,1,RIGHT(Formulas!Z9)+2)&IF(Formulas!Y9=1," "&Formulas!X9,"")&":","")))} | X12: {=IF(OR(Formulas!Y9=0,Formulas!Y9="",RIGHT(Formulas!Z9)="0"),"", HYPERLINK("["&Archivo_Nombre&"]Datos!"&LEFT(SUBSTITUTE(ADDRESS(1,RIGHT(Formulas!Z9)+2),"$",""))&Formulas!X9+1, IFERROR(INDEX(Datos!$A$2:$K$101,Formulas!X9,RIGHT(Formulas!Z9)+2),"")))} | Y12: {=IF(OR(Formulas!Z10=0,Formulas!Z10=""),"",HYPERLINK("["&Archivo_Nombre&"]Datos!"&LEFT(SUBSTITUTE(ADDRESS(1,Formulas!Z10+2),"$",""))&Formulas!Y10+1, IFERROR(INDEX(Datos!$A$2:$K$101,Formulas!Y10,Formulas!Z10+2),"")))} | AB12: {=IF(OR(Formulas!AD9=0,Formulas!AD9="",RIGHT(Formulas!AE9)="0"),"", HYPERLINK("["&Archivo_Nombre&"]Datos!"&LEFT(SUBSTITUTE(ADDRESS(1,IF(Formulas!AD9=1,1,RIGHT(Formulas!AE9)+2)),"$",""))&Formulas!AC9+1, IFERROR(INDEX(Datos!$A$1:$K$1,1,RIGHT(Formulas!AE9)+2)&IF(Formulas!AD9=1," "&Formulas!AC9,"")&":","")))} | AC12: {=IF(OR(Formulas!AD9=0,Formulas!AD9="",RIGHT(Formulas!AE9)="0"),"", HYPERLINK("["&Archivo_Nombre&"]Datos!"&LEFT(SUBSTITUTE(ADDRESS(1,RIGHT(Formulas!AE9)+2),"$",""))&Formulas!AC9+1, IFERROR(INDEX(Datos!$A$2:$K$101,Formulas!AC9,RIGHT(Formulas!AE9)+2),"")))} | AD12: {=IF(OR(Formulas!AE10=0,Formulas!AE10=""),"",HYPERLINK("["&Archivo_Nombre&"]Datos!"&LEFT(SUBSTITUTE(ADDRESS(1,Formulas!AE10+2),"$",""))&Formulas!AD10+1, IFERROR(INDEX(Datos!$A$2:$K$101,Formulas!AD10,Formulas!AE10+2),"")))} | AG12: {=IF(OR(Formulas!AI9=0,Formulas!AI9="",RIGHT(Formulas!AJ9)="0"),"", HYPERLINK("["&Archivo_Nombre&"]Datos!"&LEFT(SUBSTITUTE(ADDRESS(1,IF(Formulas!AI9=1,1,RIGHT(Formulas!AJ9)+2)),"$",""))&Formulas!AH9+1, IFERROR(INDEX(Datos!$A$1:$K$1,1,RIGHT(Formulas!AJ9)+2)&IF(Formulas!AI9=1," "&Formulas!AH9,"")&":","")))} | AH12: {=IF(OR(Formulas!AI9=0,Formulas!AI9="",RIGHT(Formulas!AJ9)="0"),"", HYPERLINK("["&Archivo_Nombre&"]Datos!"&LEFT(SUBSTITUTE(ADDRESS(1,RIGHT(Formulas!AJ9)+2),"$",""))&Formulas!AH9+1, IFERROR(INDEX(Datos!$A$2:$K$101,Formulas!AH9,RIGHT(Formulas!AJ9)+2),"")))} | AI12: {=IF(OR(Formulas!AJ10=0,Formulas!AJ10=""),"",HYPERLINK("["&Archivo_Nombre&"]Datos!"&LEFT(SUBSTITUTE(ADDRESS(1,Formulas!AJ10+2),"$",""))&Formulas!AI10+1, IFERROR(INDEX(Datos!$A$2:$K$101,Formulas!AI10,Formulas!AJ10+2),"")))} | AL12: {=IF(OR(Formulas!AN9=0,Formulas!AN9="",RIGHT(Formulas!AO9)="0"),"", HYPERLINK("["&Archivo_Nombre&"]Datos!"&LEFT(SUBSTITUTE(ADDRESS(1,IF(Formulas!AN9=1,1,RIGHT(Formulas!AO9)+2)),"$",""))&Formulas!AM9+1, IFERROR(INDEX(Datos!$A$1:$K$1,1,RIGHT(Formulas!AO9)+2)&IF(Formulas!AN9=1," "&Formulas!AM9,"")&":","")))} | AM12: {=IF(OR(Formulas!AN9=0,Formulas!AN9="",RIGHT(Formulas!AO9)="0"),"", HYPERLINK("["&Archivo_Nombre&"]Datos!"&LEFT(SUBSTITUTE(ADDRESS(1,RIGHT(Formulas!AO9)+2),"$",""))&Formulas!AM9+1, IFERROR(INDEX(Datos!$A$2:$K$101,Formulas!AM9,RIGHT(Formulas!AO9)+2),"")))} | AN12: {=IF(OR(Formulas!AO10=0,Formulas!AO10=""),"",HYPERLINK("["&Archivo_Nombre&"]Datos!"&LEFT(SUBSTITUTE(ADDRESS(1,Formulas!AO10+2),"$",""))&Formulas!AN10+1, IFERROR(INDEX(Datos!$A$2:$K$101,Formulas!AN10,Formulas!AO10+2),"")))} | AQ12: {=IF(OR(Formulas!AS9=0,Formulas!AS9="",RIGHT(Formulas!AT9)="0"),"", HYPERLINK("["&Archivo_Nombre&"]Datos!"&LEFT(SUBSTITUTE(ADDRESS(1,IF(Formulas!AS9=1,1,RIGHT(Formulas!AT9)+2)),"$",""))&Formulas!AR9+1, IFERROR(INDEX(Datos!$A$1:$K$1,1,RIGHT(Formulas!AT9)+2)&IF(Formulas!AS9=1," "&Formulas!AR9,"")&":","")))} | AR12: {=IF(OR(Formulas!AS9=0,Formulas!AS9="",RIGHT(Formulas!AT9)="0"),"", HYPERLINK("["&Archivo_Nombre&"]Datos!"&LEFT(SUBSTITUTE(ADDRESS(1,RIGHT(Formulas!AT9)+2),"$",""))&Formulas!AR9+1, IFERROR(INDEX(Datos!$A$2:$K$101,Formulas!AR9,RIGHT(Formulas!AT9)+2),"")))} | AS12: {=IF(OR(Formulas!AT10=0,Formulas!AT10=""),"",HYPERLINK("["&Archivo_Nombre&"]Datos!"&LEFT(SUBSTITUTE(ADDRESS(1,Formulas!AT10+2),"$",""))&Formulas!AS10+1, IFERROR(INDEX(Datos!$A$2:$K$101,Formulas!AS10,Formulas!AT10+2),"")))} | AV12: {=IF(OR(Formulas!AX9=0,Formulas!AX9="",RIGHT(Formulas!AY9)="0"),"", HYPERLINK("["&Archivo_Nombre&"]Datos!"&LEFT(SUBSTITUTE(ADDRESS(1,IF(Formulas!AX9=1,1,RIGHT(Formulas!AY9)+2)),"$",""))&Formulas!AW9+1, IFERROR(INDEX(Datos!$A$1:$K$1,1,RIGHT(Formulas!AY9)+2)&IF(Formulas!AX9=1," "&Formulas!AW9,"")&":","")))} | AW12: {=IF(OR(Formulas!AX9=0,Formulas!AX9="",RIGHT(Formulas!AY9)="0"),"", HYPERLINK("["&Archivo_Nombre&"]Datos!"&LEFT(SUBSTITUTE(ADDRESS(1,RIGHT(Formulas!AY9)+2),"$",""))&Formulas!AW9+1, IFERROR(INDEX(Datos!$A$2:$K$101,Formulas!AW9,RIGHT(Formulas!AY9)+2),"")))} | AX12: {=IF(OR(Formulas!AY10=0,Formulas!AY10=""),"",HYPERLINK("["&Archivo_Nombre&"]Datos!"&LEFT(SUBSTITUTE(ADDRESS(1,Formulas!AY10+2),"$",""))&Formulas!AX10+1, IFERROR(INDEX(Datos!$A$2:$K$101,Formulas!AX10,Formulas!AY10+2),"")))}
C13: {=IF(OR(Formulas!E10=0,Formulas!E10="",RIGHT(Formulas!F10)="0"),"", HYPERLINK("["&Archivo_Nombre&"]Datos!"&LEFT(SUBSTITUTE(ADDRESS(1,IF(Formulas!E10=1,1,RIGHT(Formulas!F10)+2)),"$",""))&Formulas!D10+1, IFERROR(INDEX(Datos!$A$1:$K$1,1,RIGHT(Formulas!F10)+2)&IF(Formulas!E10=1," "&Formulas!D10,"")&":","")))} -> Asignado: | D13: {=IF(OR(Formulas!E10=0,Formulas!E10="",RIGHT(Formulas!F10)="0"),"", HYPERLINK("["&Archivo_Nombre&"]Datos!"&LEFT(SUBSTITUTE(ADDRESS(1,RIGHT(Formulas!F10)+2),"$",""))&Formulas!D10+1, IFERROR(INDEX(Datos!$A$2:$K$101,Formulas!D10,RIGHT(Formulas!F10)+2),"")))} -> Joel Tapia | E13: {=IF(OR(Formulas!F11=0,Formulas!F11=""),"",HYPERLINK("["&Archivo_Nombre&"]Datos!"&LEFT(SUBSTITUTE(ADDRESS(1,Formulas!F11+2),"$",""))&Formulas!E11+1, IFERROR(INDEX(Datos!$A$2:$K$101,Formulas!E11,Formulas!F11+2),"")))} | H13: {=IF(OR(Formulas!J10=0,Formulas!J10="",RIGHT(Formulas!K10)="0"),"", HYPERLINK("["&Archivo_Nombre&"]Datos!"&LEFT(SUBSTITUTE(ADDRESS(1,IF(Formulas!J10=1,1,RIGHT(Formulas!K10)+2)),"$",""))&Formulas!I10+1, IFERROR(INDEX(Datos!$A$1:$K$1,1,RIGHT(Formulas!K10)+2)&IF(Formulas!J10=1," "&Formulas!I10,"")&":","")))} -> Asignado: | I13: {=IF(OR(Formulas!J10=0,Formulas!J10="",RIGHT(Formulas!K10)="0"),"", HYPERLINK("["&Archivo_Nombre&"]Datos!"&LEFT(SUBSTITUTE(ADDRESS(1,RIGHT(Formulas!K10)+2),"$",""))&Formulas!I10+1, IFERROR(INDEX(Datos!$A$2:$K$101,Formulas!I10,RIGHT(Formulas!K10)+2),"")))} -> 0 | J13: {=IF(OR(Formulas!K11=0,Formulas!K11=""),"",HYPERLINK("["&Archivo_Nombre&"]Datos!"&LEFT(SUBSTITUTE(ADDRESS(1,Formulas!K11+2),"$",""))&Formulas!J11+1, IFERROR(INDEX(Datos!$A$2:$K$101,Formulas!J11,Formulas!K11+2),"")))} | M13: {=IF(OR(Formulas!O10=0,Formulas!O10="",RIGHT(Formulas!P10)="0"),"", HYPERLINK("["&Archivo_Nombre&"]Datos!"&LEFT(SUBSTITUTE(ADDRESS(1,IF(Formulas!O10=1,1,RIGHT(Formulas!P10)+2)),"$",""))&Formulas!N10+1, IFERROR(INDEX(Datos!$A$1:$K$1,1,RIGHT(Formulas!P10)+2)&IF(Formulas!O10=1," "&Formulas!N10,"")&":","")))} -> Asignado: | N13: {=IF(OR(Formulas!O10=0,Formulas!O10="",RIGHT(Formulas!P10)="0"),"", HYPERLINK("["&Archivo_Nombre&"]Datos!"&LEFT(SUBSTITUTE(ADDRESS(1,RIGHT(Formulas!P10)+2),"$",""))&Formulas!N10+1, IFERROR(INDEX(Datos!$A$2:$K$101,Formulas!N10,RIGHT(Formulas!P10)+2),"")))} -> Tapia,Socasi,Sanchez, Tapia | O13: {=IF(OR(Formulas!P11=0,Formulas!P11=""),"",HYPERLINK("["&Archivo_Nombre&"]Datos!"&LEFT(SUBSTITUTE(ADDRESS(1,Formulas!P11+2),"$",""))&Formulas!O11+1, IFERROR(INDEX(Datos!$A$2:$K$101,Formulas!O11,Formulas!P11+2),"")))} | R13: {=IF(OR(Formulas!T10=0,Formulas!T10="",RIGHT(Formulas!U10)="0"),"", HYPERLINK("["&Archivo_Nombre&"]Datos!"&LEFT(SUBSTITUTE(ADDRESS(1,IF(Formulas!T10=1,1,RIGHT(Formulas!U10)+2)),"$",""))&Formulas!S10+1, IFERROR(INDEX(Datos!$A$1:$K$1,1,RIGHT(Formulas!U10)+2)&IF(Formulas!T10=1," "&Formulas!S10,"")&":","")))} -> Asignado: | S13: {=IF(OR(Formulas!T10=0,Formulas!T10="",RIGHT(Formulas!U10)="0"),"", HYPERLINK("["&Archivo_Nombre&"]Datos!"&LEFT(SUBSTITUTE(ADDRESS(1,RIGHT(Formulas!U10)+2),"$",""))&Formulas!S10+1, IFERROR(INDEX(Datos!$A$2:$K$101,Formulas!S10,RIGHT(Formulas!U10)+2),"")))} -> Tapia,Socasi,Sanchez, Tapia | T13: {=IF(OR(Formulas!U11=0,Formulas!U11=""),"",HYPERLINK("["&Archivo_Nombre&"]Datos!"&LEFT(SUBSTITUTE(ADDRESS(1,Formulas!U11+2),"$",""))&Formulas!T11+1, IFERROR(INDEX(Datos!$A$2:$K$101,Formulas!T11,Formulas!U11+2),"")))} | W13: {=IF(OR(Formulas!Y10=0,Formulas!Y10="",RIGHT(Formulas!Z10)="0"),"", HYPERLINK("["&Archivo_Nombre&"]Datos!"&LEFT(SUBSTITUTE(ADDRESS(1,IF(Formulas!Y10=1,1,RIGHT(Formulas!Z10)+2)),"$",""))&Formulas!X10+1, IFERROR(INDEX(Datos!$A$1:$K$1,1,RIGHT(Formulas!Z10)+2)&IF(Formulas!Y10=1," "&Formulas!X10,"")&":","")))} | X13: {=IF(OR(Formulas!Y10=0,Formulas!Y10="",RIGHT(Formulas!Z10)="0"),"", HYPERLINK("["&Archivo_Nombre&"]Datos!"&LEFT(SUBSTITUTE(ADDRESS(1,RIGHT(Formulas!Z10)+2),"$",""))&Formulas!X10+1, IFERROR(INDEX(Datos!$A$2:$K$101,Formulas!X10,RIGHT(Formulas!Z10)+2),"")))} | Y13: {=IF(OR(Formulas!Z11=0,Formulas!Z11=""),"",HYPERLINK("["&Archivo_Nombre&"]Datos!"&LEFT(SUBSTITUTE(ADDRESS(1,Formulas!Z11+2),"$",""))&Formulas!Y11+1, IFERROR(INDEX(Datos!$A$2:$K$101,Formulas!Y11,Formulas!Z11+2),"")))} | AB13: {=IF(OR(Formulas!AD10=0,Formulas!AD10="",RIGHT(Formulas!AE10)="0"),"", HYPERLINK("["&Archivo_Nombre&"]Datos!"&LEFT(SUBSTITUTE(ADDRESS(1,IF(Formulas!AD10=1,1,RIGHT(Formulas!AE10)+2)),"$",""))&Formulas!AC10+1, IFERROR(INDEX(Datos!$A$1:$K$1,1,RIGHT(Formulas!AE10)+2)&IF(Formulas!AD10=1," "&Formulas!AC10,"")&":","")))} | AC13: {=IF(OR(Formulas!AD10=0,Formulas!AD10="",RIGHT(Formulas!AE10)="0"),"", HYPERLINK("["&Archivo_Nombre&"]Datos!"&LEFT(SUBSTITUTE(ADDRESS(1,RIGHT(Formulas!AE10)+2),"$",""))&Formulas!AC10+1, IFERROR(INDEX(Datos!$A$2:$K$101,Formulas!AC10,RIGHT(Formulas!AE10)+2),"")))} | AD13: {=IF(OR(Formulas!AE11=0,Formulas!AE11=""),"",HYPERLINK("["&Archivo_Nombre&"]Datos!"&LEFT(SUBSTITUTE(ADDRESS(1,Formulas!AE11+2),"$",""))&Formulas!AD11+1, IFERROR(INDEX(Datos!$A$2:$K$101,Formulas!AD11,Formulas!AE11+2),"")))} | AG13: {=IF(OR(Formulas!AI10=0,Formulas!AI10="",RIGHT(Formulas!AJ10)="0"),"", HYPERLINK("["&Archivo_Nombre&"]Datos!"&LEFT(SUBSTITUTE(ADDRESS(1,IF(Formulas!AI10=1,1,RIGHT(Formulas!AJ10)+2)),"$",""))&Formulas!AH10+1, IFERROR(INDEX(Datos!$A$1:$K$1,1,RIGHT(Formulas!AJ10)+2)&IF(Formulas!AI10=1," "&Formulas!AH10,"")&":","")))} | AH13: {=IF(OR(Formulas!AI10=0,Formulas!AI10="",RIGHT(Formulas!AJ10)="0"),"", HYPERLINK("["&Archivo_Nombre&"]Datos!"&LEFT(SUBSTITUTE(ADDRESS(1,RIGHT(Formulas!AJ10)+2),"$",""))&Formulas!AH10+1, IFERROR(INDEX(Datos!$A$2:$K$101,Formulas!AH10,RIGHT(Formulas!AJ10)+2),"")))} | AI13: {=IF(OR(Formulas!AJ11=0,Formulas!AJ11=""),"",HYPERLINK("["&Archivo_Nombre&"]Datos!"&LEFT(SUBSTITUTE(ADDRESS(1,Formulas!AJ11+2),"$",""))&Formulas!AI11+1, IFERROR(INDEX(Datos!$A$2:$K$101,Formulas!AI11,Formulas!AJ11+2),"")))} | AL13: {=IF(OR(Formulas!AN10=0,Formulas!AN10="",RIGHT(Formulas!AO10)="0"),"", HYPERLINK("["&Archivo_Nombre&"]Datos!"&LEFT(SUBSTITUTE(ADDRESS(1,IF(Formulas!AN10=1,1,RIGHT(Formulas!AO10)+2)),"$",""))&Formulas!AM10+1, IFERROR(INDEX(Datos!$A$1:$K$1,1,RIGHT(Formulas!AO10)+2)&IF(Formulas!AN10=1," "&Formulas!AM10,"")&":","")))} | AM13: {=IF(OR(Formulas!AN10=0,Formulas!AN10="",RIGHT(Formulas!AO10)="0"),"", HYPERLINK("["&Archivo_Nombre&"]Datos!"&LEFT(SUBSTITUTE(ADDRESS(1,RIGHT(Formulas!AO10)+2),"$",""))&Formulas!AM10+1, IFERROR(INDEX(Datos!$A$2:$K$101,Formulas!AM10,RIGHT(Formulas!AO10)+2),"")))} | AN13: {=IF(OR(Formulas!AO11=0,Formulas!AO11=""),"",HYPERLINK("["&Archivo_Nombre&"]Datos!"&LEFT(SUBSTITUTE(ADDRESS(1,Formulas!AO11+2),"$",""))&Formulas!AN11+1, IFERROR(INDEX(Datos!$A$2:$K$101,Formulas!AN11,Formulas!AO11+2),"")))} | AQ13: {=IF(OR(Formulas!AS10=0,Formulas!AS10="",RIGHT(Formulas!AT10)="0"),"", HYPERLINK("["&Archivo_Nombre&"]Datos!"&LEFT(SUBSTITUTE(ADDRESS(1,IF(Formulas!AS10=1,1,RIGHT(Formulas!AT10)+2)),"$",""))&Formulas!AR10+1, IFERROR(INDEX(Datos!$A$1:$K$1,1,RIGHT(Formulas!AT10)+2)&IF(Formulas!AS10=1," "&Formulas!AR10,"")&":","")))} | AR13: {=IF(OR(Formulas!AS10=0,Formulas!AS10="",RIGHT(Formulas!AT10)="0"),"", HYPERLINK("["&Archivo_Nombre&"]Datos!"&LEFT(SUBSTITUTE(ADDRESS(1,RIGHT(Formulas!AT10)+2),"$",""))&Formulas!AR10+1, IFERROR(INDEX(Datos!$A$2:$K$101,Formulas!AR10,RIGHT(Formulas!AT10)+2),"")))} | AS13: {=IF(OR(Formulas!AT11=0,Formulas!AT11=""),"",HYPERLINK("["&Archivo_Nombre&"]Datos!"&LEFT(SUBSTITUTE(ADDRESS(1,Formulas!AT11+2),"$",""))&Formulas!AS11+1, IFERROR(INDEX(Datos!$A$2:$K$101,Formulas!AS11,Formulas!AT11+2),"")))} | AV13: {=IF(OR(Formulas!AX10=0,Formulas!AX10="",RIGHT(Formulas!AY10)="0"),"", HYPERLINK("["&Archivo_Nombre&"]Datos!"&LEFT(SUBSTITUTE(ADDRESS(1,IF(Formulas!AX10=1,1,RIGHT(Formulas!AY10)+2)),"$",""))&Formulas!AW10+1, IFERROR(INDEX(Datos!$A$1:$K$1,1,RIGHT(Formulas!AY10)+2)&IF(Formulas!AX10=1," "&Formulas!AW10,"")&":","")))} | AW13: {=IF(OR(Formulas!AX10=0,Formulas!AX10="",RIGHT(Formulas!AY10)="0"),"", HYPERLINK("["&Archivo_Nombre&"]Datos!"&LEFT(SUBSTITUTE(ADDRESS(1,RIGHT(Formulas!AY10)+2),"$",""))&Formulas!AW10+1, IFERROR(INDEX(Datos!$A$2:$K$101,Formulas!AW10,RIGHT(Formulas!AY10)+2),"")))} | AX13: {=IF(OR(Formulas!AY11=0,Formulas!AY11=""),"",HYPERLINK("["&Archivo_Nombre&"]Datos!"&LEFT(SUBSTITUTE(ADDRESS(1,Formulas!AY11+2),"$",""))&Formulas!AX11+1, IFERROR(INDEX(Datos!$A$2:$K$101,Formulas!AX11,Formulas!AY11+2),"")))}
C14: {=IF(OR(Formulas!E11=0,Formulas!E11="",RIGHT(Formulas!F11)="0"),"", HYPERLINK("["&Archivo_Nombre&"]Datos!"&LEFT(SUBSTITUTE(ADDRESS(1,IF(Formulas!E11=1,1,RIGHT(Formulas!F11)+2)),"$",""))&Formulas!D11+1, IFERROR(INDEX(Datos!$A$1:$K$1,1,RIGHT(Formulas!F11)+2)&IF(Formulas!E11=1," "&Formulas!D11,"")&":","")))} | D14: {=IF(OR(Formulas!E11=0,Formulas!E11="",RIGHT(Formulas!F11)="0"),"", HYPERLINK("["&Archivo_Nombre&"]Datos!"&LEFT(SUBSTITUTE(ADDRESS(1,RIGHT(Formulas!F11)+2),"$",""))&Formulas!D11+1, IFERROR(INDEX(Datos!$A$2:$K$101,Formulas!D11,RIGHT(Formulas!F11)+2),"")))} | E14: {=IF(OR(Formulas!F12=0,Formulas!F12=""),"",HYPERLINK("["&Archivo_Nombre&"]Datos!"&LEFT(SUBSTITUTE(ADDRESS(1,Formulas!F12+2),"$",""))&Formulas!E12+1, IFERROR(INDEX(Datos!$A$2:$K$101,Formulas!E12,Formulas!F12+2),"")))} -> #VALUE! | H14: {=IF(OR(Formulas!J11=0,Formulas!J11="",RIGHT(Formulas!K11)="0"),"", HYPERLINK("["&Archivo_Nombre&"]Datos!"&LEFT(SUBSTITUTE(ADDRESS(1,IF(Formulas!J11=1,1,RIGHT(Formulas!K11)+2)),"$",""))&Formulas!I11+1, IFERROR(INDEX(Datos!$A$1:$K$1,1,RIGHT(Formulas!K11)+2)&IF(Formulas!J11=1," "&Formulas!I11,"")&":","")))} | I14: {=IF(OR(Formulas!J11=0,Formulas!J11="",RIGHT(Formulas!K11)="0"),"", HYPERLINK("["&Archivo_Nombre&"]Datos!"&LEFT(SUBSTITUTE(ADDRESS(1,RIGHT(Formulas!K11)+2),"$",""))&Formulas!I11+1, IFERROR(INDEX(Datos!$A$2:$K$101,Formulas!I11,RIGHT(Formulas!K11)+2),"")))} | J14: {=IF(OR(Formulas!K12=0,Formulas!K12=""),"",HYPERLINK("["&Archivo_Nombre&"]Datos!"&LEFT(SUBSTITUTE(ADDRESS(1,Formulas!K12+2),"$",""))&Formulas!J12+1, IFERROR(INDEX(Datos!$A$2:$K$101,Formulas!J12,Formulas!K12+2),"")))} -> #VALUE! | M14: {=IF(OR(Formulas!O11=0,Formulas!O11="",RIGHT(Formulas!P11)="0"),"", HYPERLINK("["&Archivo_Nombre&"]Datos!"&LEFT(SUBSTITUTE(ADDRESS(1,IF(Formulas!O11=1,1,RIGHT(Formulas!P11)+2)),"$",""))&Formulas!N11+1, IFERROR(INDEX(Datos!$A$1:$K$1,1,RIGHT(Formulas!P11)+2)&IF(Formulas!O11=1," "&Formulas!N11,"")&":","")))} | N14: {=IF(OR(Formulas!O11=0,Formulas!O11="",RIGHT(Formulas!P11)="0"),"", HYPERLINK("["&Archivo_Nombre&"]Datos!"&LEFT(SUBSTITUTE(ADDRESS(1,RIGHT(Formulas!P11)+2),"$",""))&Formulas!N11+1, IFERROR(INDEX(Datos!$A$2:$K$101,Formulas!N11,RIGHT(Formulas!P11)+2),"")))} | O14: {=IF(OR(Formulas!P12=0,Formulas!P12=""),"",HYPERLINK("["&Archivo_Nombre&"]Datos!"&LEFT(SUBSTITUTE(ADDRESS(1,Formulas!P12+2),"$",""))&Formulas!O12+1, IFERROR(INDEX(Datos!$A$2:$K$101,Formulas!O12,Formulas!P12+2),"")))} | R14: {=IF(OR(Formulas!T11=0,Formulas!T11="",RIGHT(Formulas!U11)="0"),"", HYPERLINK("["&Archivo_Nombre&"]Datos!"&LEFT(SUBSTITUTE(ADDRESS(1,IF(Formulas!T11=1,1,RIGHT(Formulas!U11)+2)),"$",""))&Formulas!S11+1, IFERROR(INDEX(Datos!$A$1:$K$1,1,RIGHT(Formulas!U11)+2)&IF(Formulas!T11=1," "&Formulas!S11,"")&":","")))} | S14: {=IF(OR(Formulas!T11=0,Formulas!T11="",RIGHT(Formulas!U11)="0"),"", HYPERLINK("["&Archivo_Nombre&"]Datos!"&LEFT(SUBSTITUTE(ADDRESS(1,RIGHT(Formulas!U11)+2),"$",""))&Formulas!S11+1, IFERROR(INDEX(Datos!$A$2:$K$101,Formulas!S11,RIGHT(Formulas!U11)+2),"")))} | T14: {=IF(OR(Formulas!U12=0,Formulas!U12=""),"",HYPERLINK("["&Archivo_Nombre&"]Datos!"&LEFT(SUBSTITUTE(ADDRESS(1,Formulas!U12+2),"$",""))&Formulas!T12+1, IFERROR(INDEX(Datos!$A$2:$K$101,Formulas!T12,Formulas!U12+2),"")))} -> #VALUE! | W14: {=IF(OR(Formulas!Y11=0,Formulas!Y11="",RIGHT(Formulas!Z11)="0"),"", HYPERLINK("["&Archivo_Nombre&"]Datos!"&LEFT(SUBSTITUTE(ADDRESS(1,IF(Formulas!Y11=1,1,RIGHT(Formulas!Z11)+2)),"$",""))&Formulas!X11+1, IFERROR(INDEX(Datos!$A$1:$K$1,1,RIGHT(Formulas!Z11)+2)&IF(Formulas!Y11=1," "&Formulas!X11,"")&":","")))} | X14: {=IF(OR(Formulas!Y11=0,Formulas!Y11="",RIGHT(Formulas!Z11)="0"),"", HYPERLINK("["&Archivo_Nombre&"]Datos!"&LEFT(SUBSTITUTE(ADDRESS(1,RIGHT(Formulas!Z11)+2),"$",""))&Formulas!X11+1, IFERROR(INDEX(Datos!$A$2:$K$101,Formulas!X11,RIGHT(Formulas!Z11)+2),"")))} | Y14: {=IF(OR(Formulas!Z12=0,Formulas!Z12=""),"",HYPERLINK("["&Archivo_Nombre&"]Datos!"&LEFT(SUBSTITUTE(ADDRESS(1,Formulas!Z12+2),"$",""))&Formulas!Y12+1, IFERROR(INDEX(Datos!$A$2:$K$101,Formulas!Y12,Formulas!Z12+2),"")))} | AB14: {=IF(OR(Formulas!AD11=0,Formulas!AD11="",RIGHT(Formulas!AE11)="0"),"", HYPERLINK("["&Archivo_Nombre&"]Datos!"&LEFT(SUBSTITUTE(ADDRESS(1,IF(Formulas!AD11=1,1,RIGHT(Formulas!AE11)+2)),"$",""))&Formulas!AC11+1, IFERROR(INDEX(Datos!$A$1:$K$1,1,RIGHT(Formulas!AE11)+2)&IF(Formulas!AD11=1," "&Formulas!AC11,"")&":","")))} | AC14: {=IF(OR(Formulas!AD11=0,Formulas!AD11="",RIGHT(Formulas!AE11)="0"),"", HYPERLINK("["&Archivo_Nombre&"]Datos!"&LEFT(SUBSTITUTE(ADDRESS(1,RIGHT(Formulas!AE11)+2),"$",""))&Formulas!AC11+1, IFERROR(INDEX(Datos!$A$2:$K$101,Formulas!AC11,RIGHT(Formulas!AE11)+2),"")))} | AD14: {=IF(OR(Formulas!AE12=0,Formulas!AE12=""),"",HYPERLINK("["&Archivo_Nombre&"]Datos!"&LEFT(SUBSTITUTE(ADDRESS(1,Formulas!AE12+2),"$",""))&Formulas!AD12+1, IFERROR(INDEX(Datos!$A$2:$K$101,Formulas!AD12,Formulas!AE12+2),"")))} | AG14: {=IF(OR(Formulas!AI11=0,Formulas!AI11="",RIGHT(Formulas!AJ11)="0"),"", HYPERLINK("["&Archivo_Nombre&"]Datos!"&LEFT(SUBSTITUTE(ADDRESS(1,IF(Formulas!AI11=1,1,RIGHT(Formulas!AJ11)+2)),"$",""))&Formulas!AH11+1, IFERROR(INDEX(Datos!$A$1:$K$1,1,RIGHT(Formulas!AJ11)+2)&IF(Formulas!AI11=1," "&Formulas!AH11,"")&":","")))} | AH14: {=IF(OR(Formulas!AI11=0,Formulas!AI11="",RIGHT(Formulas!AJ11)="0"),"", HYPERLINK("["&Archivo_Nombre&"]Datos!"&LEFT(SUBSTITUTE(ADDRESS(1,RIGHT(Formulas!AJ11)+2),"$",""))&Formulas!AH11+1, IFERROR(INDEX(Datos!$A$2:$K$101,Formulas!AH11,RIGHT(Formulas!AJ11)+2),"")))} | AI14: {=IF(OR(Formulas!AJ12=0,Formulas!AJ12=""),"",HYPERLINK("["&Archivo_Nombre&"]Datos!"&LEFT(SUBSTITUTE(ADDRESS(1,Formulas!AJ12+2),"$",""))&Formulas!AI12+1, IFERROR(INDEX(Datos!$A$2:$K$101,Formulas!AI12,Formulas!AJ12+2),"")))} | AL14: {=IF(OR(Formulas!AN11=0,Formulas!AN11="",RIGHT(Formulas!AO11)="0"),"", HYPERLINK("["&Archivo_Nombre&"]Datos!"&LEFT(SUBSTITUTE(ADDRESS(1,IF(Formulas!AN11=1,1,RIGHT(Formulas!AO11)+2)),"$",""))&Formulas!AM11+1, IFERROR(INDEX(Datos!$A$1:$K$1,1,RIGHT(Formulas!AO11)+2)&IF(Formulas!AN11=1," "&Formulas!AM11,"")&":","")))} | AM14: {=IF(OR(Formulas!AN11=0,Formulas!AN11="",RIGHT(Formulas!AO11)="0"),"", HYPERLINK("["&Archivo_Nombre&"]Datos!"&LEFT(SUBSTITUTE(ADDRESS(1,RIGHT(Formulas!AO11)+2),"$",""))&Formulas!AM11+1, IFERROR(INDEX(Datos!$A$2:$K$101,Formulas!AM11,RIGHT(Formulas!AO11)+2),"")))} | AN14: {=IF(OR(Formulas!AO12=0,Formulas!AO12=""),"",HYPERLINK("["&Archivo_Nombre&"]Datos!"&LEFT(SUBSTITUTE(ADDRESS(1,Formulas!AO12+2),"$",""))&Formulas!AN12+1, IFERROR(INDEX(Datos!$A$2:$K$101,Formulas!AN12,Formulas!AO12+2),"")))} | AQ14: {=IF(OR(Formulas!AS11=0,Formulas!AS11="",RIGHT(Formulas!AT11)="0"),"", HYPERLINK("["&Archivo_Nombre&"]Datos!"&LEFT(SUBSTITUTE(ADDRESS(1,IF(Formulas!AS11=1,1,RIGHT(Formulas!AT11)+2)),"$",""))&Formulas!AR11+1, IFERROR(INDEX(Datos!$A$1:$K$1,1,RIGHT(Formulas!AT11)+2)&IF(Formulas!AS11=1," "&Formulas!AR11,"")&":","")))} | AR14: {=IF(OR(Formulas!AS11=0,Formulas!AS11="",RIGHT(Formulas!AT11)="0"),"", HYPERLINK("["&Archivo_Nombre&"]Datos!"&LEFT(SUBSTITUTE(ADDRESS(1,RIGHT(Formulas!AT11)+2),"$",""))&Formulas!AR11+1, IFERROR(INDEX(Datos!$A$2:$K$101,Formulas!AR11,RIGHT(Formulas!AT11)+2),"")))} | AS14: {=IF(OR(Formulas!AT12=0,Formulas!AT12=""),"",HYPERLINK("["&Archivo_Nombre&"]Datos!"&LEFT(SUBSTITUTE(ADDRESS(1,Formulas!AT12+2),"$",""))&Formulas!AS12+1, IFERROR(INDEX(Datos!$A$2:$K$101,Formulas!AS12,Formulas!AT12+2),"")))} | AV14: {=IF(OR(Formulas!AX11=0,Formulas!AX11="",RIGHT(Formulas!AY11)="0"),"", HYPERLINK("["&Archivo_Nombre&"]Datos!"&LEFT(SUBSTITUTE(ADDRESS(1,IF(Formulas!AX11=1,1,RIGHT(Formulas!AY11)+2)),"$",""))&Formulas!AW11+1, IFERROR(INDEX(Datos!$A$1:$K$1,1,RIGHT(Formulas!AY11)+2)&IF(Formulas!AX11=1," "&Formulas!AW11,"")&":","")))} | AW14: {=IF(OR(Formulas!AX11=0,Formulas!AX11="",RIGHT(Formulas!AY11)="0"),"", HYPERLINK("["&Archivo_Nombre&"]Datos!"&LEFT(SUBSTITUTE(ADDRESS(1,RIGHT(Formulas!AY11)+2),"$",""))&Formulas!AW11+1, IFERROR(INDEX(Datos!$A$2:$K$101,Formulas!AW11,RIGHT(Formulas!AY11)+2),"")))} | AX14: {=IF(OR(Formulas!AY12=0,Formulas!AY12=""),"",HYPERLINK("["&Archivo_Nombre&"]Datos!"&LEFT(SUBSTITUTE(ADDRESS(1,Formulas!AY12+2),"$",""))&Formulas!AX12+1, IFERROR(INDEX(Datos!$A$2:$K$101,Formulas!AX12,Formulas!AY12+2),"")))}
C15: {=IF(OR(Formulas!E12=0,Formulas!E12="",RIGHT(Formulas!F12)="0"),"", HYPERLINK("["&Archivo_Nombre&"]Datos!"&LEFT(SUBSTITUTE(ADDRESS(1,IF(Formulas!E12=1,1,RIGHT(Formulas!F12)+2)),"$",""))&Formulas!D12+1, IFERROR(INDEX(Datos!$A$1:$K$1,1,RIGHT(Formulas!F12)+2)&IF(Formulas!E12=1," "&Formulas!D12,"")&":","")))} -> Tarea 28: | D15: {=IF(OR(Formulas!E12=0,Formulas!E12="",RIGHT(Formulas!F12)="0"),"", HYPERLINK("["&Archivo_Nombre&"]Datos!"&LEFT(SUBSTITUTE(ADDRESS(1,RIGHT(Formulas!F12)+2),"$",""))&Formulas!D12+1, IFERROR(INDEX(Datos!$A$2:$K$101,Formulas!D12,RIGHT(Formulas!F12)+2),"")))} -> Elaboracion Requerimiento N6 | E15: {=IF(OR(Formulas!F13=0,Formulas!F13=""),"",HYPERLINK("["&Archivo_Nombre&"]Datos!"&LEFT(SUBSTITUTE(ADDRESS(1,Formulas!F13+2),"$",""))&Formulas!E13+1, IFERROR(INDEX(Datos!$A$2:$K$101,Formulas!E13,Formulas!F13+2),"")))} -> #VALUE! | H15: {=IF(OR(Formulas!J12=0,Formulas!J12="",RIGHT(Formulas!K12)="0"),"", HYPERLINK("["&Archivo_Nombre&"]Datos!"&LEFT(SUBSTITUTE(ADDRESS(1,IF(Formulas!J12=1,1,RIGHT(Formulas!K12)+2)),"$",""))&Formulas!I12+1, IFERROR(INDEX(Datos!$A$1:$K$1,1,RIGHT(Formulas!K12)+2)&IF(Formulas!J12=1," "&Formulas!I12,"")&":","")))} -> Tarea 25: | I15: {=IF(OR(Formulas!J12=0,Formulas!J12="",RIGHT(Formulas!K12)="0"),"", HYPERLINK("["&Archivo_Nombre&"]Datos!"&LEFT(SUBSTITUTE(ADDRESS(1,RIGHT(Formulas!K12)+2),"$",""))&Formulas!I12+1, IFERROR(INDEX(Datos!$A$2:$K$101,Formulas!I12,RIGHT(Formulas!K12)+2),"")))} -> Elaboracion del Backblog_V2 | J15: {=IF(OR(Formulas!K13=0,Formulas!K13=""),"",HYPERLINK("["&Archivo_Nombre&"]Datos!"&LEFT(SUBSTITUTE(ADDRESS(1,Formulas!K13+2),"$",""))&Formulas!J13+1, IFERROR(INDEX(Datos!$A$2:$K$101,Formulas!J13,Formulas!K13+2),"")))} -> #VALUE! | M15: {=IF(OR(Formulas!O12=0,Formulas!O12="",RIGHT(Formulas!P12)="0"),"", HYPERLINK("["&Archivo_Nombre&"]Datos!"&LEFT(SUBSTITUTE(ADDRESS(1,IF(Formulas!O12=1,1,RIGHT(Formulas!P12)+2)),"$",""))&Formulas!N12+1, IFERROR(INDEX(Datos!$A$1:$K$1,1,RIGHT(Formulas!P12)+2)&IF(Formulas!O12=1," "&Formulas!N12,"")&":","")))} | N15: {=IF(OR(Formulas!O12=0,Formulas!O12="",RIGHT(Formulas!P12)="0"),"", HYPERLINK("["&Archivo_Nombre&"]Datos!"&LEFT(SUBSTITUTE(ADDRESS(1,RIGHT(Formulas!P12)+2),"$",""))&Formulas!N12+1, IFERROR(INDEX(Datos!$A$2:$K$101,Formulas!N12,RIGHT(Formulas!P12)+2),"")))} | O15: {=IF(OR(Formulas!P13=0,Formulas!P13=""),"",HYPERLINK("["&Archivo_Nombre&"]Datos!"&LEFT(SUBSTITUTE(ADDRESS(1,Formulas!P13+2),"$",""))&Formulas!O13+1, IFERROR(INDEX(Datos!$A$2:$K$101,Formulas!O13,Formulas!P13+2),"")))} | R15: {=IF(OR(Formulas!T12=0,Formulas!T12="",RIGHT(Formulas!U12)="0"),"", HYPERLINK("["&Archivo_Nombre&"]Datos!"&LEFT(SUBSTITUTE(ADDRESS(1,IF(Formulas!T12=1,1,RIGHT(Formulas!U12)+2)),"$",""))&Formulas!S12+1, IFERROR(INDEX(Datos!$A$1:$K$1,1,RIGHT(Formulas!U12)+2)&IF(Formulas!T12=1," "&Formulas!S12,"")&":","")))} -> Tarea 23: | S15: {=IF(OR(Formulas!T12=0,Formulas!T12="",RIGHT(Formulas!U12)="0"),"", HYPERLINK("["&Archivo_Nombre&"]Datos!"&LEFT(SUBSTITUTE(ADDRESS(1,RIGHT(Formulas!U12)+2),"$",""))&Formulas!S12+1, IFERROR(INDEX(Datos!$A$2:$K$101,Formulas!S12,RIGHT(Formulas!U12)+2),"")))} -> Revision del Primer Sprint | T15: {=IF(OR(Formulas!U13=0,Formulas!U13=""),"",HYPERLINK("["&Archivo_Nombre&"]Datos!"&LEFT(SUBSTITUTE(ADDRESS(1,Formulas!U13+2),"$",""))&Formulas!T13+1, IFERROR(INDEX(Datos!$A$2:$K$101,Formulas!T13,Formulas!U13+2),"")))} -> #VALUE! | W15: {=IF(OR(Formulas!Y12=0,Formulas!Y12="",RIGHT(Formulas!Z12)="0"),"", HYPERLINK("["&Archivo_Nombre&"]Datos!"&LEFT(SUBSTITUTE(ADDRESS(1,IF(Formulas!Y12=1,1,RIGHT(Formulas!Z12)+2)),"$",""))&Formulas!X12+1, IFERROR(INDEX(Datos!$A$1:$K$1,1,RIGHT(Formulas!Z12)+2)&IF(Formulas!Y12=1," "&Formulas!X12,"")&":","")))} | X15: {=IF(OR(Formulas!Y12=0,Formulas!Y12="",RIGHT(Formulas!Z12)="0"),"", HYPERLINK("["&Archivo_Nombre&"]Datos!"&LEFT(SUBSTITUTE(ADDRESS(1,RIGHT(Formulas!Z12)+2),"$",""))&Formulas!X12+1, IFERROR(INDEX(Datos!$A$2:$K$101,Formulas!X12,RIGHT(Formulas!Z12)+2),"")))} | Y15: {=IF(OR(Formulas!Z13=0,Formulas!Z13=""),"",HYPERLINK("["&Archivo_Nombre&"]Datos!"&LEFT(SUBSTITUTE(ADDRESS(1,Formulas!Z13+2),"$",""))&Formulas!Y13+1, IFERROR(INDEX(Datos!$A$2:$K$101,Formulas!Y13,Formulas!Z13+2),"")))} | AB15: {=IF(OR(Formulas!AD12=0,Formulas!AD12="",RIGHT(Formulas!AE12)="0"),"", HYPERLINK("["&Archivo_Nombre&"]Datos!"&LEFT(SUBSTITUTE(ADDRESS(1,IF(Formulas!AD12=1,1,RIGHT(Formulas!AE12)+2)),"$",""))&Formulas!AC12+1, IFERROR(INDEX(Datos!$A$1:$K$1,1,RIGHT(Formulas!AE12)+2)&IF(Formulas!AD12=1," "&Formulas!AC12,"")&":","")))} | AC15: {=IF(OR(Formulas!AD12=0,Formulas!AD12="",RIGHT(Formulas!AE12)="0"),"", HYPERLINK("["&Archivo_Nombre&"]Datos!"&LEFT(SUBSTITUTE(ADDRESS(1,RIGHT(Formulas!AE12)+2),"$",""))&Formulas!AC12+1, IFERROR(INDEX(Datos!$A$2:$K$101,Formulas!AC12,RIGHT(Formulas!AE12)+2),"")))} | AD15: {=IF(OR(Formulas!AE13=0,Formulas!AE13=""),"",HYPERLINK("["&Archivo_Nombre&"]Datos!"&LEFT(SUBSTITUTE(ADDRESS(1,Formulas!AE13+2),"$",""))&Formulas!AD13+1, IFERROR(INDEX(Datos!$A$2:$K$101,Formulas!AD13,Formulas!AE13+2),"")))} | AG15: {=IF(OR(Formulas!AI12=0,Formulas!AI12="",RIGHT(Formulas!AJ12)="0"),"", HYPERLINK("["&Archivo_Nombre&"]Datos!"&LEFT(SUBSTITUTE(ADDRESS(1,IF(Formulas!AI12=1,1,RIGHT(Formulas!AJ12)+2)),"$",""))&Formulas!AH12+1, IFERROR(INDEX(Datos!$A$1:$K$1,1,RIGHT(Formulas!AJ12)+2)&IF(Formulas!AI12=1," "&Formulas!AH12,"")&":","")))} | AH15: {=IF(OR(Formulas!AI12=0,Formulas!AI12="",RIGHT(Formulas!AJ12)="0"),"", HYPERLINK("["&Archivo_Nombre&"]Datos!"&LEFT(SUBSTITUTE(ADDRESS(1,RIGHT(Formulas!AJ12)+2),"$",""))&Formulas!AH12+1, IFERROR(INDEX(Datos!$A$2:$K$101,Formulas!AH12,RIGHT(Formulas!AJ12)+2),"")))} | AI15: {=IF(OR(Formulas!AJ13=0,Formulas!AJ13=""),"",HYPERLINK("["&Archivo_Nombre&"]Datos!"&LEFT(SUBSTITUTE(ADDRESS(1,Formulas!AJ13+2),"$",""))&Formulas!AI13+1, IFERROR(INDEX(Datos!$A$2:$K$101,Formulas!AI13,Formulas!AJ13+2),"")))} | AL15: {=IF(OR(Formulas!AN12=0,Formulas!AN12="",RIGHT(Formulas!AO12)="0"),"", HYPERLINK("["&Archivo_Nombre&"]Datos!"&LEFT(SUBSTITUTE(ADDRESS(1,IF(Formulas!AN12=1,1,RIGHT(Formulas!AO12)+2)),"$",""))&Formulas!AM12+1, IFERROR(INDEX(Datos!$A$1:$K$1,1,RIGHT(Formulas!AO12)+2)&IF(Formulas!AN12=1," "&Formulas!AM12,"")&":","")))} | AM15: {=IF(OR(Formulas!AN12=0,Formulas!AN12="",RIGHT(Formulas!AO12)="0"),"", HYPERLINK("["&Archivo_Nombre&"]Datos!"&LEFT(SUBSTITUTE(ADDRESS(1,RIGHT(Formulas!AO12)+2),"$",""))&Formulas!AM12+1, IFERROR(INDEX(Datos!$A$2:$K$101,Formulas!AM12,RIGHT(Formulas!AO12)+2),"")))} | AN15: {=IF(OR(Formulas!AO13=0,Formulas!AO13=""),"",HYPERLINK("["&Archivo_Nombre&"]Datos!"&LEFT(SUBSTITUTE(ADDRESS(1,Formulas!AO13+2),"$",""))&Formulas!AN13+1, IFERROR(INDEX(Datos!$A$2:$K$101,Formulas!AN13,Formulas!AO13+2),"")))} | AQ15: {=IF(OR(Formulas!AS12=0,Formulas!AS12="",RIGHT(Formulas!AT12)="0"),"", HYPERLINK("["&Archivo_Nombre&"]Datos!"&LEFT(SUBSTITUTE(ADDRESS(1,IF(Formulas!AS12=1,1,RIGHT(Formulas!AT12)+2)),"$",""))&Formulas!AR12+1, IFERROR(INDEX(Datos!$A$1:$K$1,1,RIGHT(Formulas!AT12)+2)&IF(Formulas!AS12=1," "&Formulas!AR12,"")&":","")))} | AR15: {=IF(OR(Formulas!AS12=0,Formulas!AS12="",RIGHT(Formulas!AT12)="0"),"", HYPERLINK("["&Archivo_Nombre&"]Datos!"&LEFT(SUBSTITUTE(ADDRESS(1,RIGHT(Formulas!AT12)+2),"$",""))&Formulas!AR12+1, IFERROR(INDEX(Datos!$A$2:$K$101,Formulas!AR12,RIGHT(Formulas!AT12)+2),"")))} | AS15: {=IF(OR(Formulas!AT13=0,Formulas!AT13=""),"",HYPERLINK("["&Archivo_Nombre&"]Datos!"&LEFT(SUBSTITUTE(ADDRESS(1,Formulas!AT13+2),"$",""))&Formulas!AS13+1, IFERROR(INDEX(Datos!$A$2:$K$101,Formulas!AS13,Formulas!AT13+2),"")))} | AV15: {=IF(OR(Formulas!AX12=0,Formulas!AX12="",RIGHT(Formulas!AY12)="0"),"", HYPERLINK("["&Archivo_Nombre&"]Datos!"&LEFT(SUBSTITUTE(ADDRESS(1,IF(Formulas!AX12=1,1,RIGHT(Formulas!AY12)+2)),"$",""))&Formulas!AW12+1, IFERROR(INDEX(Datos!$A$1:$K$1,1,RIGHT(Formulas!AY12)+2)&IF(Formulas!AX12=1," "&Formulas!AW12,"")&":","")))} | AW15: {=IF(OR(Formulas!AX12=0,Formulas!AX12="",RIGHT(Formulas!AY12)="0"),"", HYPERLINK("["&Archivo_Nombre&"]Datos!"&LEFT(SUBSTITUTE(ADDRESS(1,RIGHT(Formulas!AY12)+2),"$",""))&Formulas!AW12+1, IFERROR(INDEX(Datos!$A$2:$K$101,Formulas!AW12,RIGHT(Formulas!AY12)+2),"")))} | AX15: {=IF(OR(Formulas!AY13=0,Formulas!AY13=""),"",HYPERLINK("["&Archivo_Nombre&"]Datos!"&LEFT(SUBSTITUTE(ADDRESS(1,Formulas!AY13+2),"$",""))&Formulas!AX13+1, IFERROR(INDEX(Datos!$A$2:$K$101,Formulas!AX13,Formulas!AY13+2),"")))}
C16: {=IF(OR(Formulas!E13=0,Formulas!E13="",RIGHT(Formulas!F13)="0"),"", HYPERLINK("["&Archivo_Nombre&"]Datos!"&LEFT(SUBSTITUTE(ADDRESS(1,IF(Formulas!E13=1,1,RIGHT(Formulas!F13)+2)),"$",""))&Formulas!D13+1, IFERROR(INDEX(Datos!$A$1:$K$1,1,RIGHT(Formulas!F13)+2)&IF(Formulas!E13=1," "&Formulas!D13,"")&":","")))} -> Descripción: | D16: {=IF(OR(Formulas!E13=0,Formulas!E13="",RIGHT(Formulas!F13)="0"),"", HYPERLINK("["&Archivo_Nombre&"]Datos!"&LEFT(SUBSTITUTE(ADDRESS(1,RIGHT(Formulas!F13)+2),"$",""))&Formulas!D13+1, IFERROR(INDEX(Datos!$A$2:$K$101,Formulas!D13,RIGHT(Formulas!F13)+2),"")))} -> Desarrollar la funcionalidad del sexto requerimiento planificado. | E16: {=IF(OR(Formulas!F14=0,Formulas!F14=""),"",HYPERLINK("["&Archivo_Nombre&"]Datos!"&LEFT(SUBSTITUTE(ADDRESS(1,Formulas!F14+2),"$",""))&Formulas!E14+1, IFERROR(INDEX(Datos!$A$2:$K$101,Formulas!E14,Formulas!F14+2),"")))} -> #VALUE! | H16: {=IF(OR(Formulas!J13=0,Formulas!J13="",RIGHT(Formulas!K13)="0"),"", HYPERLINK("["&Archivo_Nombre&"]Datos!"&LEFT(SUBSTITUTE(ADDRESS(1,IF(Formulas!J13=1,1,RIGHT(Formulas!K13)+2)),"$",""))&Formulas!I13+1, IFERROR(INDEX(Datos!$A$1:$K$1,1,RIGHT(Formulas!K13)+2)&IF(Formulas!J13=1," "&Formulas!I13,"")&":","")))} -> Descripción: | I16: {=IF(OR(Formulas!J13=0,Formulas!J13="",RIGHT(Formulas!K13)="0"),"", HYPERLINK("["&Archivo_Nombre&"]Datos!"&LEFT(SUBSTITUTE(ADDRESS(1,RIGHT(Formulas!K13)+2),"$",""))&Formulas!I13+1, IFERROR(INDEX(Datos!$A$2:$K$101,Formulas!I13,RIGHT(Formulas!K13)+2),"")))} -> Refinar o actualizar el backlog del producto para el siguiente sprint. | J16: {=IF(OR(Formulas!K14=0,Formulas!K14=""),"",HYPERLINK("["&Archivo_Nombre&"]Datos!"&LEFT(SUBSTITUTE(ADDRESS(1,Formulas!K14+2),"$",""))&Formulas!J14+1, IFERROR(INDEX(Datos!$A$2:$K$101,Formulas!J14,Formulas!K14+2),"")))} -> #VALUE! | M16: {=IF(OR(Formulas!O13=0,Formulas!O13="",RIGHT(Formulas!P13)="0"),"", HYPERLINK("["&Archivo_Nombre&"]Datos!"&LEFT(SUBSTITUTE(ADDRESS(1,IF(Formulas!O13=1,1,RIGHT(Formulas!P13)+2)),"$",""))&Formulas!N13+1, IFERROR(INDEX(Datos!$A$1:$K$1,1,RIGHT(Formulas!P13)+2)&IF(Formulas!O13=1," "&Formulas!N13,"")&":","")))} | N16: {=IF(OR(Formulas!O13=0,Formulas!O13="",RIGHT(Formulas!P13)="0"),"", HYPERLINK("["&Archivo_Nombre&"]Datos!"&LEFT(SUBSTITUTE(ADDRESS(1,RIGHT(Formulas!P13)+2),"$",""))&Formulas!N13+1, IFERROR(INDEX(Datos!$A$2:$K$101,Formulas!N13,RIGHT(Formulas!P13)+2),"")))} | O16: {=IF(OR(Formulas!P14=0,Formulas!P14=""),"",HYPERLINK("["&Archivo_Nombre&"]Datos!"&LEFT(SUBSTITUTE(ADDRESS(1,Formulas!P14+2),"$",""))&Formulas!O14+1, IFERROR(INDEX(Datos!$A$2:$K$101,Formulas!O14,Formulas!P14+2),"")))} | R16: {=IF(OR(Formulas!T13=0,Formulas!T13="",RIGHT(Formulas!U13)="0"),"", HYPERLINK("["&Archivo_Nombre&"]Datos!"&LEFT(SUBSTITUTE(ADDRESS(1,IF(Formulas!T13=1,1,RIGHT(Formulas!U13)+2)),"$",""))&Formulas!S13+1, IFERROR(INDEX(Datos!$A$1:$K$1,1,RIGHT(Formulas!U13)+2)&IF(Formulas!T13=1," "&Formulas!S13,"")&":","")))} -> Descripción: | S16: {=IF(OR(Formulas!T13=0,Formulas!T13="",RIGHT(Formulas!U13)="0"),"", HYPERLINK("["&Archivo_Nombre&"]Datos!"&LEFT(SUBSTITUTE(ADDRESS(1,RIGHT(Formulas!U13)+2),"$",""))&Formulas!S13+1, IFERROR(INDEX(Datos!$A$2:$K$101,Formulas!S13,RIGHT(Formulas!U13)+2),"")))} -> Revisar la calidad y correcto funcionamiento de las funcionalidades del sprint. | T16: {=IF(OR(Formulas!U14=0,Formulas!U14=""),"",HYPERLINK("["&Archivo_Nombre&"]Datos!"&LEFT(SUBSTITUTE(ADDRESS(1,Formulas!U14+2),"$",""))&Formulas!T14+1, IFERROR(INDEX(Datos!$A$2:$K$101,Formulas!T14,Formulas!U14+2),"")))} -> #VALUE! | W16: {=IF(OR(Formulas!Y13=0,Formulas!Y13="",RIGHT(Formulas!Z13)="0"),"", HYPERLINK("["&Archivo_Nombre&"]Datos!"&LEFT(SUBSTITUTE(ADDRESS(1,IF(Formulas!Y13=1,1,RIGHT(Formulas!Z13)+2)),"$",""))&Formulas!X13+1, IFERROR(INDEX(Datos!$A$1:$K$1,1,RIGHT(Formulas!Z13)+2)&IF(Formulas!Y13=1," "&Formulas!X13,"")&":","")))} | X16: {=IF(OR(Formulas!Y13=0,Formulas!Y13="",RIGHT(Formulas!Z13)="0"),"", HYPERLINK("["&Archivo_Nombre&"]Datos!"&LEFT(SUBSTITUTE(ADDRESS(1,RIGHT(Formulas!Z13)+2),"$",""))&Formulas!X13+1, IFERROR(INDEX(Datos!$A$2:$K$101,Formulas!X13,RIGHT(Formulas!Z13)+2),"")))} | Y16: {=IF(OR(Formulas!Z14=0,Formulas!Z14=""),"",HYPERLINK("["&Archivo_Nombre&"]Datos!"&LEFT(SUBSTITUTE(ADDRESS(1,Formulas!Z14+2),"$",""))&Formulas!Y14+1, IFERROR(INDEX(Datos!$A$2:$K$101,Formulas!Y14,Formulas!Z14+2),"")))} | AB16: {=IF(OR(Formulas!AD13=0,Formulas!AD13="",RIGHT(Formulas!AE13)="0"),"", HYPERLINK("["&Archivo_Nombre&"]Datos!"&LEFT(SUBSTITUTE(ADDRESS(1,IF(Formulas!AD13=1,1,RIGHT(Formulas!AE13)+2)),"$",""))&Formulas!AC13+1, IFERROR(INDEX(Datos!$A$1:$K$1,1,RIGHT(Formulas!AE13)+2)&IF(Formulas!AD13=1," "&Formulas!AC13,"")&":","")))} | AC16: {=IF(OR(Formulas!AD13=0,Formulas!AD13="",RIGHT(Formulas!AE13)="0"),"", HYPERLINK("["&Archivo_Nombre&"]Datos!"&LEFT(SUBSTITUTE(ADDRESS(1,RIGHT(Formulas!AE13)+2),"$",""))&Formulas!AC13+1, IFERROR(INDEX(Datos!$A$2:$K$101,Formulas!AC13,RIGHT(Formulas!AE13)+2),"")))} | AD16: {=IF(OR(Formulas!AE14=0,Formulas!AE14=""),"",HYPERLINK("["&Archivo_Nombre&"]Datos!"&LEFT(SUBSTITUTE(ADDRESS(1,Formulas!AE14+2),"$",""))&Formulas!AD14+1, IFERROR(INDEX(Datos!$A$2:$K$101,Formulas!AD14,Formulas!AE14+2),"")))} | AG16: {=IF(OR(Formulas!AI13=0,Formulas!AI13="",RIGHT(Formulas!AJ13)="0"),"", HYPERLINK("["&Archivo_Nombre&"]Datos!"&LEFT(SUBSTITUTE(ADDRESS(1,IF(Formulas!AI13=1,1,RIGHT(Formulas!AJ13)+2)),"$",""))&Formulas!AH13+1, IFERROR(INDEX(Datos!$A$1:$K$1,1,RIGHT(Formulas!AJ13)+2)&IF(Formulas!AI13=1," "&Formulas!AH13,"")&":","")))} | AH16: {=IF(OR(Formulas!AI13=0,Formulas!AI13="",RIGHT(Formulas!AJ13)="0"),"", HYPERLINK("["&Archivo_Nombre&"]Datos!"&LEFT(SUBSTITUTE(ADDRESS(1,RIGHT(Formulas!AJ13)+2),"$",""))&Formulas!AH13+1, IFERROR(INDEX(Datos!$A$2:$K$101,Formulas!AH13,RIGHT(Formulas!AJ13)+2),"")))} | AI16: {=IF(OR(Formulas!AJ14=0,Formulas!AJ14=""),"",HYPERLINK("["&Archivo_Nombre&"]Datos!"&LEFT(SUBSTITUTE(ADDRESS(1,Formulas!AJ14+2),"$",""))&Formulas!AI14+1, IFERROR(INDEX(Datos!$A$2:$K$101,Formulas!AI14,Formulas!AJ14+2),"")))} | AL16: {=IF(OR(Formulas!AN13=0,Formulas!AN13="",RIGHT(Formulas!AO13)="0"),"", HYPERLINK("["&Archivo_Nombre&"]Datos!"&LEFT(SUBSTITUTE(ADDRESS(1,IF(Formulas!AN13=1,1,RIGHT(Formulas!AO13)+2)),"$",""))&Formulas!AM13+1, IFERROR(INDEX(Datos!$A$1:$K$1,1,RIGHT(Formulas!AO13)+2)&IF(Formulas!AN13=1," "&Formulas!AM13,"")&":","")))} | AM16: {=IF(OR(Formulas!AN13=0,Formulas!AN13="",RIGHT(Formulas!AO13)="0"),"", HYPERLINK("["&Archivo_Nombre&"]Datos!"&LEFT(SUBSTITUTE(ADDRESS(1,RIGHT(Formulas!AO13)+2),"$",""))&Formulas!AM13+1, IFERROR(INDEX(Datos!$A$2:$K$101,Formulas!AM13,RIGHT(Formulas!AO13)+2),"")))} | AN16: {=IF(OR(Formulas!AO14=0,Formulas!AO14=""),"",HYPERLINK("["&Archivo_Nombre&"]Datos!"&LEFT(SUBSTITUTE(ADDRESS(1,Formulas!AO14+2),"$",""))&Formulas!AN14+1, IFERROR(INDEX(Datos!$A$2:$K$101,Formulas!AN14,Formulas!AO14+2),"")))} | AQ16: {=IF(OR(Formulas!AS13=0,Formulas!AS13="",RIGHT(Formulas!AT13)="0"),"", HYPERLINK("["&Archivo_Nombre&"]Datos!"&LEFT(SUBSTITUTE(ADDRESS(1,IF(Formulas!AS13=1,1,RIGHT(Formulas!AT13)+2)),"$",""))&Formulas!AR13+1, IFERROR(INDEX(Datos!$A$1:$K$1,1,RIGHT(Formulas!AT13)+2)&IF(Formulas!AS13=1," "&Formulas!AR13,"")&":","")))} | AR16: {=IF(OR(Formulas!AS13=0,Formulas!AS13="",RIGHT(Formulas!AT13)="0"),"", HYPERLINK("["&Archivo_Nombre&"]Datos!"&LEFT(SUBSTITUTE(ADDRESS(1,RIGHT(Formulas!AT13)+2),"$",""))&Formulas!AR13+1, IFERROR(INDEX(Datos!$A$2:$K$101,Formulas!AR13,RIGHT(Formulas!AT13)+2),"")))} | AS16: {=IF(OR(Formulas!AT14=0,Formulas!AT14=""),"",HYPERLINK("["&Archivo_Nombre&"]Datos!"&LEFT(SUBSTITUTE(ADDRESS(1,Formulas!AT14+2),"$",""))&Formulas!AS14+1, IFERROR(INDEX(Datos!$A$2:$K$101,Formulas!AS14,Formulas!AT14+2),"")))} | AV16: {=IF(OR(Formulas!AX13=0,Formulas!AX13="",RIGHT(Formulas!AY13)="0"),"", HYPERLINK("["&Archivo_Nombre&"]Datos!"&LEFT(SUBSTITUTE(ADDRESS(1,IF(Formulas!AX13=1,1,RIGHT(Formulas!AY13)+2)),"$",""))&Formulas!AW13+1, IFERROR(INDEX(Datos!$A$1:$K$1,1,RIGHT(Formulas!AY13)+2)&IF(Formulas!AX13=1," "&Formulas!AW13,"")&":","")))} | AW16: {=IF(OR(Formulas!AX13=0,Formulas!AX13="",RIGHT(Formulas!AY13)="0"),"", HYPERLINK("["&Archivo_Nombre&"]Datos!"&LEFT(SUBSTITUTE(ADDRESS(1,RIGHT(Formulas!AY13)+2),"$",""))&Formulas!AW13+1, IFERROR(INDEX(Datos!$A$2:$K$101,Formulas!AW13,RIGHT(Formulas!AY13)+2),"")))} | AX16: {=IF(OR(Formulas!AY14=0,Formulas!AY14=""),"",HYPERLINK("["&Archivo_Nombre&"]Datos!"&LEFT(SUBSTITUTE(ADDRESS(1,Formulas!AY14+2),"$",""))&Formulas!AX14+1, IFERROR(INDEX(Datos!$A$2:$K$101,Formulas!AX14,Formulas!AY14+2),"")))}
C17: {=IF(OR(Formulas!E14=0,Formulas!E14="",RIGHT(Formulas!F14)="0"),"", HYPERLINK("["&Archivo_Nombre&"]Datos!"&LEFT(SUBSTITUTE(ADDRESS(1,IF(Formulas!E14=1,1,RIGHT(Formulas!F14)+2)),"$",""))&Formulas!D14+1, IFERROR(INDEX(Datos!$A$1:$K$1,1,RIGHT(Formulas!F14)+2)&IF(Formulas!E14=1," "&Formulas!D14,"")&":","")))} -> Inicio: | D17: {=IF(OR(Formulas!E14=0,Formulas!E14="",RIGHT(Formulas!F14)="0"),"", HYPERLINK("["&Archivo_Nombre&"]Datos!"&LEFT(SUBSTITUTE(ADDRESS(1,RIGHT(Formulas!F14)+2),"$",""))&Formulas!D14+1, IFERROR(INDEX(Datos!$A$2:$K$101,Formulas!D14,RIGHT(Formulas!F14)+2),"")))} -> 46185 | E17: {=IF(OR(Formulas!F15=0,Formulas!F15=""),"",HYPERLINK("["&Archivo_Nombre&"]Datos!"&LEFT(SUBSTITUTE(ADDRESS(1,Formulas!F15+2),"$",""))&Formulas!E15+1, IFERROR(INDEX(Datos!$A$2:$K$101,Formulas!E15,Formulas!F15+2),"")))} -> #VALUE! | H17: {=IF(OR(Formulas!J14=0,Formulas!J14="",RIGHT(Formulas!K14)="0"),"", HYPERLINK("["&Archivo_Nombre&"]Datos!"&LEFT(SUBSTITUTE(ADDRESS(1,IF(Formulas!J14=1,1,RIGHT(Formulas!K14)+2)),"$",""))&Formulas!I14+1, IFERROR(INDEX(Datos!$A$1:$K$1,1,RIGHT(Formulas!K14)+2)&IF(Formulas!J14=1," "&Formulas!I14,"")&":","")))} -> Inicio: | I17: {=IF(OR(Formulas!J14=0,Formulas!J14="",RIGHT(Formulas!K14)="0"),"", HYPERLINK("["&Archivo_Nombre&"]Datos!"&LEFT(SUBSTITUTE(ADDRESS(1,RIGHT(Formulas!K14)+2),"$",""))&Formulas!I14+1, IFERROR(INDEX(Datos!$A$2:$K$101,Formulas!I14,RIGHT(Formulas!K14)+2),"")))} -> 46181 | J17: {=IF(OR(Formulas!K15=0,Formulas!K15=""),"",HYPERLINK("["&Archivo_Nombre&"]Datos!"&LEFT(SUBSTITUTE(ADDRESS(1,Formulas!K15+2),"$",""))&Formulas!J15+1, IFERROR(INDEX(Datos!$A$2:$K$101,Formulas!J15,Formulas!K15+2),"")))} -> #VALUE! | M17: {=IF(OR(Formulas!O14=0,Formulas!O14="",RIGHT(Formulas!P14)="0"),"", HYPERLINK("["&Archivo_Nombre&"]Datos!"&LEFT(SUBSTITUTE(ADDRESS(1,IF(Formulas!O14=1,1,RIGHT(Formulas!P14)+2)),"$",""))&Formulas!N14+1, IFERROR(INDEX(Datos!$A$1:$K$1,1,RIGHT(Formulas!P14)+2)&IF(Formulas!O14=1," "&Formulas!N14,"")&":","")))} | N17: {=IF(OR(Formulas!O14=0,Formulas!O14="",RIGHT(Formulas!P14)="0"),"", HYPERLINK("["&Archivo_Nombre&"]Datos!"&LEFT(SUBSTITUTE(ADDRESS(1,RIGHT(Formulas!P14)+2),"$",""))&Formulas!N14+1, IFERROR(INDEX(Datos!$A$2:$K$101,Formulas!N14,RIGHT(Formulas!P14)+2),"")))} | O17: {=IF(OR(Formulas!P15=0,Formulas!P15=""),"",HYPERLINK("["&Archivo_Nombre&"]Datos!"&LEFT(SUBSTITUTE(ADDRESS(1,Formulas!P15+2),"$",""))&Formulas!O15+1, IFERROR(INDEX(Datos!$A$2:$K$101,Formulas!O15,Formulas!P15+2),"")))} | R17: {=IF(OR(Formulas!T14=0,Formulas!T14="",RIGHT(Formulas!U14)="0"),"", HYPERLINK("["&Archivo_Nombre&"]Datos!"&LEFT(SUBSTITUTE(ADDRESS(1,IF(Formulas!T14=1,1,RIGHT(Formulas!U14)+2)),"$",""))&Formulas!S14+1, IFERROR(INDEX(Datos!$A$1:$K$1,1,RIGHT(Formulas!U14)+2)&IF(Formulas!T14=1," "&Formulas!S14,"")&":","")))} -> Inicio: | S17: {=IF(OR(Formulas!T14=0,Formulas!T14="",RIGHT(Formulas!U14)="0"),"", HYPERLINK("["&Archivo_Nombre&"]Datos!"&LEFT(SUBSTITUTE(ADDRESS(1,RIGHT(Formulas!U14)+2),"$",""))&Formulas!S14+1, IFERROR(INDEX(Datos!$A$2:$K$101,Formulas!S14,RIGHT(Formulas!U14)+2),"")))} -> 46174 | T17: {=IF(OR(Formulas!U15=0,Formulas!U15=""),"",HYPERLINK("["&Archivo_Nombre&"]Datos!"&LEFT(SUBSTITUTE(ADDRESS(1,Formulas!U15+2),"$",""))&Formulas!T15+1, IFERROR(INDEX(Datos!$A$2:$K$101,Formulas!T15,Formulas!U15+2),"")))} -> #VALUE! | W17: {=IF(OR(Formulas!Y14=0,Formulas!Y14="",RIGHT(Formulas!Z14)="0"),"", HYPERLINK("["&Archivo_Nombre&"]Datos!"&LEFT(SUBSTITUTE(ADDRESS(1,IF(Formulas!Y14=1,1,RIGHT(Formulas!Z14)+2)),"$",""))&Formulas!X14+1, IFERROR(INDEX(Datos!$A$1:$K$1,1,RIGHT(Formulas!Z14)+2)&IF(Formulas!Y14=1," "&Formulas!X14,"")&":","")))} | X17: {=IF(OR(Formulas!Y14=0,Formulas!Y14="",RIGHT(Formulas!Z14)="0"),"", HYPERLINK("["&Archivo_Nombre&"]Datos!"&LEFT(SUBSTITUTE(ADDRESS(1,RIGHT(Formulas!Z14)+2),"$",""))&Formulas!X14+1, IFERROR(INDEX(Datos!$A$2:$K$101,Formulas!X14,RIGHT(Formulas!Z14)+2),"")))} | Y17: {=IF(OR(Formulas!Z15=0,Formulas!Z15=""),"",HYPERLINK("["&Archivo_Nombre&"]Datos!"&LEFT(SUBSTITUTE(ADDRESS(1,Formulas!Z15+2),"$",""))&Formulas!Y15+1, IFERROR(INDEX(Datos!$A$2:$K$101,Formulas!Y15,Formulas!Z15+2),"")))} | AB17: {=IF(OR(Formulas!AD14=0,Formulas!AD14="",RIGHT(Formulas!AE14)="0"),"", HYPERLINK("["&Archivo_Nombre&"]Datos!"&LEFT(SUBSTITUTE(ADDRESS(1,IF(Formulas!AD14=1,1,RIGHT(Formulas!AE14)+2)),"$",""))&Formulas!AC14+1, IFERROR(INDEX(Datos!$A$1:$K$1,1,RIGHT(Formulas!AE14)+2)&IF(Formulas!AD14=1," "&Formulas!AC14,"")&":","")))} | AC17: {=IF(OR(Formulas!AD14=0,Formulas!AD14="",RIGHT(Formulas!AE14)="0"),"", HYPERLINK("["&Archivo_Nombre&"]Datos!"&LEFT(SUBSTITUTE(ADDRESS(1,RIGHT(Formulas!AE14)+2),"$",""))&Formulas!AC14+1, IFERROR(INDEX(Datos!$A$2:$K$101,Formulas!AC14,RIGHT(Formulas!AE14)+2),"")))} | AD17: {=IF(OR(Formulas!AE15=0,Formulas!AE15=""),"",HYPERLINK("["&Archivo_Nombre&"]Datos!"&LEFT(SUBSTITUTE(ADDRESS(1,Formulas!AE15+2),"$",""))&Formulas!AD15+1, IFERROR(INDEX(Datos!$A$2:$K$101,Formulas!AD15,Formulas!AE15+2),"")))} | AG17: {=IF(OR(Formulas!AI14=0,Formulas!AI14="",RIGHT(Formulas!AJ14)="0"),"", HYPERLINK("["&Archivo_Nombre&"]Datos!"&LEFT(SUBSTITUTE(ADDRESS(1,IF(Formulas!AI14=1,1,RIGHT(Formulas!AJ14)+2)),"$",""))&Formulas!AH14+1, IFERROR(INDEX(Datos!$A$1:$K$1,1,RIGHT(Formulas!AJ14)+2)&IF(Formulas!AI14=1," "&Formulas!AH14,"")&":","")))} | AH17: {=IF(OR(Formulas!AI14=0,Formulas!AI14="",RIGHT(Formulas!AJ14)="0"),"", HYPERLINK("["&Archivo_Nombre&"]Datos!"&LEFT(SUBSTITUTE(ADDRESS(1,RIGHT(Formulas!AJ14)+2),"$",""))&Formulas!AH14+1, IFERROR(INDEX(Datos!$A$2:$K$101,Formulas!AH14,RIGHT(Formulas!AJ14)+2),"")))} | AI17: {=IF(OR(Formulas!AJ15=0,Formulas!AJ15=""),"",HYPERLINK("["&Archivo_Nombre&"]Datos!"&LEFT(SUBSTITUTE(ADDRESS(1,Formulas!AJ15+2),"$",""))&Formulas!AI15+1, IFERROR(INDEX(Datos!$A$2:$K$101,Formulas!AI15,Formulas!AJ15+2),"")))} | AL17: {=IF(OR(Formulas!AN14=0,Formulas!AN14="",RIGHT(Formulas!AO14)="0"),"", HYPERLINK("["&Archivo_Nombre&"]Datos!"&LEFT(SUBSTITUTE(ADDRESS(1,IF(Formulas!AN14=1,1,RIGHT(Formulas!AO14)+2)),"$",""))&Formulas!AM14+1, IFERROR(INDEX(Datos!$A$1:$K$1,1,RIGHT(Formulas!AO14)+2)&IF(Formulas!AN14=1," "&Formulas!AM14,"")&":","")))} | AM17: {=IF(OR(Formulas!AN14=0,Formulas!AN14="",RIGHT(Formulas!AO14)="0"),"", HYPERLINK("["&Archivo_Nombre&"]Datos!"&LEFT(SUBSTITUTE(ADDRESS(1,RIGHT(Formulas!AO14)+2),"$",""))&Formulas!AM14+1, IFERROR(INDEX(Datos!$A$2:$K$101,Formulas!AM14,RIGHT(Formulas!AO14)+2),"")))} | AN17: {=IF(OR(Formulas!AO15=0,Formulas!AO15=""),"",HYPERLINK("["&Archivo_Nombre&"]Datos!"&LEFT(SUBSTITUTE(ADDRESS(1,Formulas!AO15+2),"$",""))&Formulas!AN15+1, IFERROR(INDEX(Datos!$A$2:$K$101,Formulas!AN15,Formulas!AO15+2),"")))} | AQ17: {=IF(OR(Formulas!AS14=0,Formulas!AS14="",RIGHT(Formulas!AT14)="0"),"", HYPERLINK("["&Archivo_Nombre&"]Datos!"&LEFT(SUBSTITUTE(ADDRESS(1,IF(Formulas!AS14=1,1,RIGHT(Formulas!AT14)+2)),"$",""))&Formulas!AR14+1, IFERROR(INDEX(Datos!$A$1:$K$1,1,RIGHT(Formulas!AT14)+2)&IF(Formulas!AS14=1," "&Formulas!AR14,"")&":","")))} | AR17: {=IF(OR(Formulas!AS14=0,Formulas!AS14="",RIGHT(Formulas!AT14)="0"),"", HYPERLINK("["&Archivo_Nombre&"]Datos!"&LEFT(SUBSTITUTE(ADDRESS(1,RIGHT(Formulas!AT14)+2),"$",""))&Formulas!AR14+1, IFERROR(INDEX(Datos!$A$2:$K$101,Formulas!AR14,RIGHT(Formulas!AT14)+2),"")))} | AS17: {=IF(OR(Formulas!AT15=0,Formulas!AT15=""),"",HYPERLINK("["&Archivo_Nombre&"]Datos!"&LEFT(SUBSTITUTE(ADDRESS(1,Formulas!AT15+2),"$",""))&Formulas!AS15+1, IFERROR(INDEX(Datos!$A$2:$K$101,Formulas!AS15,Formulas!AT15+2),"")))} | AV17: {=IF(OR(Formulas!AX14=0,Formulas!AX14="",RIGHT(Formulas!AY14)="0"),"", HYPERLINK("["&Archivo_Nombre&"]Datos!"&LEFT(SUBSTITUTE(ADDRESS(1,IF(Formulas!AX14=1,1,RIGHT(Formulas!AY14)+2)),"$",""))&Formulas!AW14+1, IFERROR(INDEX(Datos!$A$1:$K$1,1,RIGHT(Formulas!AY14)+2)&IF(Formulas!AX14=1," "&Formulas!AW14,"")&":","")))} | AW17: {=IF(OR(Formulas!AX14=0,Formulas!AX14="",RIGHT(Formulas!AY14)="0"),"", HYPERLINK("["&Archivo_Nombre&"]Datos!"&LEFT(SUBSTITUTE(ADDRESS(1,RIGHT(Formulas!AY14)+2),"$",""))&Formulas!AW14+1, IFERROR(INDEX(Datos!$A$2:$K$101,Formulas!AW14,RIGHT(Formulas!AY14)+2),"")))} | AX17: {=IF(OR(Formulas!AY15=0,Formulas!AY15=""),"",HYPERLINK("["&Archivo_Nombre&"]Datos!"&LEFT(SUBSTITUTE(ADDRESS(1,Formulas!AY15+2),"$",""))&Formulas!AX15+1, IFERROR(INDEX(Datos!$A$2:$K$101,Formulas!AX15,Formulas!AY15+2),"")))}
... C201: {=IF(OR(Formulas!E198=0,Formulas!E198="",RIGHT(Formulas!F198)="0"),"", HYPERLINK("["&Archivo_Nombre&"]Datos!"&LEFT(SUBSTITUTE(ADDRESS(1,IF(Formulas!E198=1,1,RIGHT(Formulas!F198)+2)),"$",""))&Formulas!D198+1, IFERROR(INDEX(Datos!$A$1:$K$1,1,RIGHT(Formulas!F198)+2)&IF(Formulas!E198=1," "&Formulas!D198,"")&":","")))} | D201: {=IF(OR(Formulas!E198=0,Formulas!E198="",RIGHT(Formulas!F198)="0"),"", HYPERLINK("["&Archivo_Nombre&"]Datos!"&LEFT(SUBSTITUTE(ADDRESS(1,RIGHT(Formulas!F198)+2),"$",""))&Formulas!D198+1, IFERROR(INDEX(Datos!$A$2:$K$101,Formulas!D198,RIGHT(Formulas!F198)+2),"")))} | E201: {=IF(OR(Formulas!F199=0,Formulas!F199=""),"",HYPERLINK("["&Archivo_Nombre&"]Datos!"&LEFT(SUBSTITUTE(ADDRESS(1,Formulas!F199+2),"$",""))&Formulas!E199+1, IFERROR(INDEX(Datos!$A$2:$K$101,Formulas!E199,Formulas!F199+2),"")))} | H201: {=IF(OR(Formulas!J198=0,Formulas!J198="",RIGHT(Formulas!K198)="0"),"", HYPERLINK("["&Archivo_Nombre&"]Datos!"&LEFT(SUBSTITUTE(ADDRESS(1,IF(Formulas!J198=1,1,RIGHT(Formulas!K198)+2)),"$",""))&Formulas!I198+1, IFERROR(INDEX(Datos!$A$1:$K$1,1,RIGHT(Formulas!K198)+2)&IF(Formulas!J198=1," "&Formulas!I198,"")&":","")))} | I201: {=IF(OR(Formulas!J198=0,Formulas!J198="",RIGHT(Formulas!K198)="0"),"", HYPERLINK("["&Archivo_Nombre&"]Datos!"&LEFT(SUBSTITUTE(ADDRESS(1,RIGHT(Formulas!K198)+2),"$",""))&Formulas!I198+1, IFERROR(INDEX(Datos!$A$2:$K$101,Formulas!I198,RIGHT(Formulas!K198)+2),"")))} | J201: {=IF(OR(Formulas!K199=0,Formulas!K199=""),"",HYPERLINK("["&Archivo_Nombre&"]Datos!"&LEFT(SUBSTITUTE(ADDRESS(1,Formulas!K199+2),"$",""))&Formulas!J199+1, IFERROR(INDEX(Datos!$A$2:$K$101,Formulas!J199,Formulas!K199+2),"")))} | M201: {=IF(OR(Formulas!O198=0,Formulas!O198="",RIGHT(Formulas!P198)="0"),"", HYPERLINK("["&Archivo_Nombre&"]Datos!"&LEFT(SUBSTITUTE(ADDRESS(1,IF(Formulas!O198=1,1,RIGHT(Formulas!P198)+2)),"$",""))&Formulas!N198+1, IFERROR(INDEX(Datos!$A$1:$K$1,1,RIGHT(Formulas!P198)+2)&IF(Formulas!O198=1," "&Formulas!N198,"")&":","")))} | N201: {=IF(OR(Formulas!O198=0,Formulas!O198="",RIGHT(Formulas!P198)="0"),"", HYPERLINK("["&Archivo_Nombre&"]Datos!"&LEFT(SUBSTITUTE(ADDRESS(1,RIGHT(Formulas!P198)+2),"$",""))&Formulas!N198+1, IFERROR(INDEX(Datos!$A$2:$K$101,Formulas!N198,RIGHT(Formulas!P198)+2),"")))} | O201: {=IF(OR(Formulas!P199=0,Formulas!P199=""),"",HYPERLINK("["&Archivo_Nombre&"]Datos!"&LEFT(SUBSTITUTE(ADDRESS(1,Formulas!P199+2),"$",""))&Formulas!O199+1, IFERROR(INDEX(Datos!$A$2:$K$101,Formulas!O199,Formulas!P199+2),"")))} | R201: {=IF(OR(Formulas!T198=0,Formulas!T198="",RIGHT(Formulas!U198)="0"),"", HYPERLINK("["&Archivo_Nombre&"]Datos!"&LEFT(SUBSTITUTE(ADDRESS(1,IF(Formulas!T198=1,1,RIGHT(Formulas!U198)+2)),"$",""))&Formulas!S198+1, IFERROR(INDEX(Datos!$A$1:$K$1,1,RIGHT(Formulas!U198)+2)&IF(Formulas!T198=1," "&Formulas!S198,"")&":","")))} -> Retraso: | S201: {=IF(OR(Formulas!T198=0,Formulas!T198="",RIGHT(Formulas!U198)="0"),"", HYPERLINK("["&Archivo_Nombre&"]Datos!"&LEFT(SUBSTITUTE(ADDRESS(1,RIGHT(Formulas!U198)+2),"$",""))&Formulas!S198+1, IFERROR(INDEX(Datos!$A$2:$K$101,Formulas!S198,RIGHT(Formulas!U198)+2),"")))} -> 0 días | T201: {=IF(OR(Formulas!U199=0,Formulas!U199=""),"",HYPERLINK("["&Archivo_Nombre&"]Datos!"&LEFT(SUBSTITUTE(ADDRESS(1,Formulas!U199+2),"$",""))&Formulas!T199+1, IFERROR(INDEX(Datos!$A$2:$K$101,Formulas!T199,Formulas!U199+2),"")))} | W201: {=IF(OR(Formulas!Y198=0,Formulas!Y198="",RIGHT(Formulas!Z198)="0"),"", HYPERLINK("["&Archivo_Nombre&"]Datos!"&LEFT(SUBSTITUTE(ADDRESS(1,IF(Formulas!Y198=1,1,RIGHT(Formulas!Z198)+2)),"$",""))&Formulas!X198+1, IFERROR(INDEX(Datos!$A$1:$K$1,1,RIGHT(Formulas!Z198)+2)&IF(Formulas!Y198=1," "&Formulas!X198,"")&":","")))} | X201: {=IF(OR(Formulas!Y198=0,Formulas!Y198="",RIGHT(Formulas!Z198)="0"),"", HYPERLINK("["&Archivo_Nombre&"]Datos!"&LEFT(SUBSTITUTE(ADDRESS(1,RIGHT(Formulas!Z198)+2),"$",""))&Formulas!X198+1, IFERROR(INDEX(Datos!$A$2:$K$101,Formulas!X198,RIGHT(Formulas!Z198)+2),"")))} | Y201: {=IF(OR(Formulas!Z199=0,Formulas!Z199=""),"",HYPERLINK("["&Archivo_Nombre&"]Datos!"&LEFT(SUBSTITUTE(ADDRESS(1,Formulas!Z199+2),"$",""))&Formulas!Y199+1, IFERROR(INDEX(Datos!$A$2:$K$101,Formulas!Y199,Formulas!Z199+2),"")))} | AB201: {=IF(OR(Formulas!AD198=0,Formulas!AD198="",RIGHT(Formulas!AE198)="0"),"", HYPERLINK("["&Archivo_Nombre&"]Datos!"&LEFT(SUBSTITUTE(ADDRESS(1,IF(Formulas!AD198=1,1,RIGHT(Formulas!AE198)+2)),"$",""))&Formulas!AC198+1, IFERROR(INDEX(Datos!$A$1:$K$1,1,RIGHT(Formulas!AE198)+2)&IF(Formulas!AD198=1," "&Formulas!AC198,"")&":","")))} | AC201: {=IF(OR(Formulas!AD198=0,Formulas!AD198="",RIGHT(Formulas!AE198)="0"),"", HYPERLINK("["&Archivo_Nombre&"]Datos!"&LEFT(SUBSTITUTE(ADDRESS(1,RIGHT(Formulas!AE198)+2),"$",""))&Formulas!AC198+1, IFERROR(INDEX(Datos!$A$2:$K$101,Formulas!AC198,RIGHT(Formulas!AE198)+2),"")))} | AD201: {=IF(OR(Formulas!AE199=0,Formulas!AE199=""),"",HYPERLINK("["&Archivo_Nombre&"]Datos!"&LEFT(SUBSTITUTE(ADDRESS(1,Formulas!AE199+2),"$",""))&Formulas!AD199+1, IFERROR(INDEX(Datos!$A$2:$K$101,Formulas!AD199,Formulas!AE199+2),"")))} | AG201: {=IF(OR(Formulas!AI198=0,Formulas!AI198="",RIGHT(Formulas!AJ198)="0"),"", HYPERLINK("["&Archivo_Nombre&"]Datos!"&LEFT(SUBSTITUTE(ADDRESS(1,IF(Formulas!AI198=1,1,RIGHT(Formulas!AJ198)+2)),"$",""))&Formulas!AH198+1, IFERROR(INDEX(Datos!$A$1:$K$1,1,RIGHT(Formulas!AJ198)+2)&IF(Formulas!AI198=1," "&Formulas!AH198,"")&":","")))} | AH201: {=IF(OR(Formulas!AI198=0,Formulas!AI198="",RIGHT(Formulas!AJ198)="0"),"", HYPERLINK("["&Archivo_Nombre&"]Datos!"&LEFT(SUBSTITUTE(ADDRESS(1,RIGHT(Formulas!AJ198)+2),"$",""))&Formulas!AH198+1, IFERROR(INDEX(Datos!$A$2:$K$101,Formulas!AH198,RIGHT(Formulas!AJ198)+2),"")))} | AI201: {=IF(OR(Formulas!AJ199=0,Formulas!AJ199=""),"",HYPERLINK("["&Archivo_Nombre&"]Datos!"&LEFT(SUBSTITUTE(ADDRESS(1,Formulas!AJ199+2),"$",""))&Formulas!AI199+1, IFERROR(INDEX(Datos!$A$2:$K$101,Formulas!AI199,Formulas!AJ199+2),"")))} | AL201: {=IF(OR(Formulas!AN198=0,Formulas!AN198="",RIGHT(Formulas!AO198)="0"),"", HYPERLINK("["&Archivo_Nombre&"]Datos!"&LEFT(SUBSTITUTE(ADDRESS(1,IF(Formulas!AN198=1,1,RIGHT(Formulas!AO198)+2)),"$",""))&Formulas!AM198+1, IFERROR(INDEX(Datos!$A$1:$K$1,1,RIGHT(Formulas!AO198)+2)&IF(Formulas!AN198=1," "&Formulas!AM198,"")&":","")))} | AM201: {=IF(OR(Formulas!AN198=0,Formulas!AN198="",RIGHT(Formulas!AO198)="0"),"", HYPERLINK("["&Archivo_Nombre&"]Datos!"&LEFT(SUBSTITUTE(ADDRESS(1,RIGHT(Formulas!AO198)+2),"$",""))&Formulas!AM198+1, IFERROR(INDEX(Datos!$A$2:$K$101,Formulas!AM198,RIGHT(Formulas!AO198)+2),"")))} | AN201: {=IF(OR(Formulas!AO199=0,Formulas!AO199=""),"",HYPERLINK("["&Archivo_Nombre&"]Datos!"&LEFT(SUBSTITUTE(ADDRESS(1,Formulas!AO199+2),"$",""))&Formulas!AN199+1, IFERROR(INDEX(Datos!$A$2:$K$101,Formulas!AN199,Formulas!AO199+2),"")))} | AQ201: {=IF(OR(Formulas!AS198=0,Formulas!AS198="",RIGHT(Formulas!AT198)="0"),"", HYPERLINK("["&Archivo_Nombre&"]Datos!"&LEFT(SUBSTITUTE(ADDRESS(1,IF(Formulas!AS198=1,1,RIGHT(Formulas!AT198)+2)),"$",""))&Formulas!AR198+1, IFERROR(INDEX(Datos!$A$1:$K$1,1,RIGHT(Formulas!AT198)+2)&IF(Formulas!AS198=1," "&Formulas!AR198,"")&":","")))} | AR201: {=IF(OR(Formulas!AS198=0,Formulas!AS198="",RIGHT(Formulas!AT198)="0"),"", HYPERLINK("["&Archivo_Nombre&"]Datos!"&LEFT(SUBSTITUTE(ADDRESS(1,RIGHT(Formulas!AT198)+2),"$",""))&Formulas!AR198+1, IFERROR(INDEX(Datos!$A$2:$K$101,Formulas!AR198,RIGHT(Formulas!AT198)+2),"")))} | AS201: {=IF(OR(Formulas!AT199=0,Formulas!AT199=""),"",HYPERLINK("["&Archivo_Nombre&"]Datos!"&LEFT(SUBSTITUTE(ADDRESS(1,Formulas!AT199+2),"$",""))&Formulas!AS199+1, IFERROR(INDEX(Datos!$A$2:$K$101,Formulas!AS199,Formulas!AT199+2),"")))} | AV201: {=IF(OR(Formulas!AX198=0,Formulas!AX198="",RIGHT(Formulas!AY198)="0"),"", HYPERLINK("["&Archivo_Nombre&"]Datos!"&LEFT(SUBSTITUTE(ADDRESS(1,IF(Formulas!AX198=1,1,RIGHT(Formulas!AY198)+2)),"$",""))&Formulas!AW198+1, IFERROR(INDEX(Datos!$A$1:$K$1,1,RIGHT(Formulas!AY198)+2)&IF(Formulas!AX198=1," "&Formulas!AW198,"")&":","")))} | AW201: {=IF(OR(Formulas!AX198=0,Formulas!AX198="",RIGHT(Formulas!AY198)="0"),"", HYPERLINK("["&Archivo_Nombre&"]Datos!"&LEFT(SUBSTITUTE(ADDRESS(1,RIGHT(Formulas!AY198)+2),"$",""))&Formulas!AW198+1, IFERROR(INDEX(Datos!$A$2:$K$101,Formulas!AW198,RIGHT(Formulas!AY198)+2),"")))} | AX201: {=IF(OR(Formulas!AY199=0,Formulas!AY199=""),"",HYPERLINK("["&Archivo_Nombre&"]Datos!"&LEFT(SUBSTITUTE(ADDRESS(1,Formulas!AY199+2),"$",""))&Formulas!AX199+1, IFERROR(INDEX(Datos!$A$2:$K$101,Formulas!AX199,Formulas!AY199+2),"")))}

Sheet Datos
A1: =Idiomas!$A$7 -> Estados | B1: =Idiomas!$A$8 -> Criticidad | C1: =Idiomas!$A$12 -> Tarea | D1: =Idiomas!$A$13 -> Descripción | E1: =Idiomas!$A$14 -> Inicio | F1: =Idiomas!$A$15 -> Previsto | G1: =Idiomas!$A$16 -> Final | H1: =Idiomas!$A$17 -> Duración | I1: =Idiomas!$A$18 -> Retraso | J1: =Idiomas!$A$19 -> Asignado | K1: KANBAN
A2: COMPLETADO | B2: NORMAL | C2: Elaboracion Introducción | D2: Redactar la sección inicial del proyecto, presentando el contexto y propósito general. | E2: 46142 | F2: 46143 | G2: 46144 | H2: =IF(Datos!$G2>0,Datos!$G2-Datos!$E2+1 & " " & Idiomas!$A$29,"") -> 3 días | I2: {=IF(OR(Datos!$G2="",Datos!$A2=""),"",IF(AND(Datos!$G2=0,Datos!$F2>0,Fecha_Hoy>Datos!$F2),Fecha_Hoy-Datos!$F2,IF(Datos!$F2<Datos!$G2,Datos!$G2-Datos!$F2,0))& " " & Idiomas!$A$29)} -> 1 días | J2: Juan Socasi | K2: {=HYPERLINK("["&Archivo_Nombre&"]KANBAN!"&IF(Tareas!$P2="","B2",Tareas!$P2),IF(Datos!$A2="","",Idiomas!$A$12&" "&ROW()-1))} -> Tarea 1
A3: COMPLETADO | B3: NORMAL | C3: Planteamiento del problema | D3: Definir y describir claramente el problema que el proyecto busca resolver. | E3: 46144 | F3: 46145 | G3: 46145 | H3: =IF(Datos!$G3>0,Datos!$G3-Datos!$E3+1 & " " & Idiomas!$A$29,"") -> 2 días | I3: {=IF(OR(Datos!$G3="",Datos!$A3=""),"",IF(AND(Datos!$G3=0,Datos!$F3>0,Fecha_Hoy>Datos!$F3),Fecha_Hoy-Datos!$F3,IF(Datos!$F3<Datos!$G3,Datos!$G3-Datos!$F3,0))& " " & Idiomas!$A$29)} -> 0 días | J3: Juan Socasi | K3: {=HYPERLINK("["&Archivo_Nombre&"]KANBAN!"&IF(Tareas!$P3="","B2",Tareas!$P3),IF(Datos!$A3="","",Idiomas!$A$12&" "&ROW()-1))} -> Tarea 2
A4: COMPLETADO | B4: NORMAL | C4: Objetivos | D4: Establecer los objetivos generales y específicos del proyecto. | E4: 46145 | F4: 46146 | G4: 46146 | H4: =IF(Datos!$G4>0,Datos!$G4-Datos!$E4+1 & " " & Idiomas!$A$29,"") -> 2 días | I4: {=IF(OR(Datos!$G4="",Datos!$A4=""),"",IF(AND(Datos!$G4=0,Datos!$F4>0,Fecha_Hoy>Datos!$F4),Fecha_Hoy-Datos!$F4,IF(Datos!$F4<Datos!$G4,Datos!$G4-Datos!$F4,0))& " " & Idiomas!$A$29)} -> 0 días | J4: Juan Socasi | K4: {=HYPERLINK("["&Archivo_Nombre&"]KANBAN!"&IF(Tareas!$P4="","B2",Tareas!$P4),IF(Datos!$A4="","",Idiomas!$A$12&" "&ROW()-1))} -> Tarea 3
A5: COMPLETADO | B5: NORMAL | C5: Alcance | D5: Delimitar los límites del proyecto: qué incluye y qué excluye. | E5: 46145 | F5: 46146 | G5: 46146 | H5: =IF(Datos!$G5>0,Datos!$G5-Datos!$E5+1 & " " & Idiomas!$A$29,"") -> 2 días | I5: {=IF(OR(Datos!$G5="",Datos!$A5=""),"",IF(AND(Datos!$G5=0,Datos!$F5>0,Fecha_Hoy>Datos!$F5),Fecha_Hoy-Datos!$F5,IF(Datos!$F5<Datos!$G5,Datos!$G5-Datos!$F5,0))& " " & Idiomas!$A$29)} -> 0 días | J5: Vicente Sanchez | K5: {=HYPERLINK("["&Archivo_Nombre&"]KANBAN!"&IF(Tareas!$P5="","B2",Tareas!$P5),IF(Datos!$A5="","",Idiomas!$A$12&" "&ROW()-1))} -> Tarea 4
A6: COMPLETADO | B6: NORMAL | C6: Metodologia | D6: Describir el enfoque, técnicas y herramientas a utilizar en el desarrollo. | E6: 46145 | F6: 46146 | G6: 46146 | H6: =IF(Datos!$G6>0,Datos!$G6-Datos!$E6+1 & " " & Idiomas!$A$29,"") -> 2 días | I6: {=IF(OR(Datos!$G6="",Datos!$A6=""),"",IF(AND(Datos!$G6=0,Datos!$F6>0,Fecha_Hoy>Datos!$F6),Fecha_Hoy-Datos!$F6,IF(Datos!$F6<Datos!$G6,Datos!$G6-Datos!$F6,0))& " " & Idiomas!$A$29)} -> 0 días | J6: Vicente Sanchez | K6: {=HYPERLINK("["&Archivo_Nombre&"]KANBAN!"&IF(Tareas!$P6="","B2",Tareas!$P6),IF(Datos!$A6="","",Idiomas!$A$12&" "&ROW()-1))} -> Tarea 5
A7: COMPLETADO | B7: NORMAL | C7: Ideas a Defender | D7: Enumerar las tesis o postulados clave que se defenderán a lo largo del proyecto. | E7: 46146 | F7: 46147 | G7: 46148 | H7: =IF(Datos!$G7>0,Datos!$G7-Datos!$E7+1 & " " & Idiomas!$A$29,"") -> 3 días | I7: {=IF(OR(Datos!$G7="",Datos!$A7=""),"",IF(AND(Datos!$G7=0,Datos!$F7>0,Fecha_Hoy>Datos!$F7),Fecha_Hoy-Datos!$F7,IF(Datos!$F7<Datos!$G7,Datos!$G7-Datos!$F7,0))& " " & Idiomas!$A$29)} -> 1 días | J7: Vicente Sanchez | K7: {=HYPERLINK("["&Archivo_Nombre&"]KANBAN!"&IF(Tareas!$P7="","B2",Tareas!$P7),IF(Datos!$A7="","",Idiomas!$A$12&" "&ROW()-1))} -> Tarea 6
A8: COMPLETADO | B8: NORMAL | C8: Resultados Esperados | D8: Definir los beneficios y productos concretos que se obtendrán al finalizar. | E8: 46146 | F8: 46147 | G8: 46148 | H8: =IF(Datos!$G8>0,Datos!$G8-Datos!$E8+1 & " " & Idiomas!$A$29,"") -> 3 días | I8: {=IF(OR(Datos!$G8="",Datos!$A8=""),"",IF(AND(Datos!$G8=0,Datos!$F8>0,Fecha_Hoy>Datos!$F8),Fecha_Hoy-Datos!$F8,IF(Datos!$F8<Datos!$G8,Datos!$G8-Datos!$F8,0))& " " & Idiomas!$A$29)} -> 1 días | J8: Joel Tapia | K8: {=HYPERLINK("["&Archivo_Nombre&"]KANBAN!"&IF(Tareas!$P8="","B2",Tareas!$P8),IF(Datos!$A8="","",Idiomas!$A$12&" "&ROW()-1))} -> Tarea 7
A9: COMPLETADO | B9: NORMAL | C9: Viabilidad | D9: Analizar la factibilidad técnica, económica y operativa del proyecto. | E9: 46146 | F9: 46147 | G9: 46148 | H9: =IF(Datos!$G9>0,Datos!$G9-Datos!$E9+1 & " " & Idiomas!$A$29,"") -> 3 días | I9: {=IF(OR(Datos!$G9="",Datos!$A9=""),"",IF(AND(Datos!$G9=0,Datos!$F9>0,Fecha_Hoy>Datos!$F9),Fecha_Hoy-Datos!$F9,IF(Datos!$F9<Datos!$G9,Datos!$G9-Datos!$F9,0))& " " & Idiomas!$A$29)} -> 1 días | J9: Joel Tapia | K9: {=HYPERLINK("["&Archivo_Nombre&"]KANBAN!"&IF(Tareas!$P9="","B2",Tareas!$P9),IF(Datos!$A9="","",Idiomas!$A$12&" "&ROW()-1))} -> Tarea 8
A10: COMPLETADO | B10: IMPORTANTE | C10: Elaborar Preguntas para la entrevistas | D10: Crear un cuestionario dirigido a los stakeholders para recopilar requisitos. | E10: 46148 | F10: 46148 | G10: 46148 | H10: =IF(Datos!$G10>0,Datos!$G10-Datos!$E10+1 & " " & Idiomas!$A$29,"") -> 1 días | I10: {=IF(OR(Datos!$G10="",Datos!$A10=""),"",IF(AND(Datos!$G10=0,Datos!$F10>0,Fecha_Hoy>Datos!$F10),Fecha_Hoy-Datos!$F10,IF(Datos!$F10<Datos!$G10,Datos!$G10-Datos!$F10,0))& " " & Idiomas!$A$29)} -> 0 días | J10: Jonathan Rodriguez | K10: {=HYPERLINK("["&Archivo_Nombre&"]KANBAN!"&IF(Tareas!$P10="","B2",Tareas!$P10),IF(Datos!$A10="","",Idiomas!$A$12&" "&ROW()-1))} -> Tarea 9
A11: COMPLETADO | B11: URGENTE | C11: Primera Reunion | D11: Sesión de trabajo con el administrador para validar necesidades y expectativas | E11: 46149 | F11: 46149 | G11: 46149 | H11: =IF(Datos!$G11>0,Datos!$G11-Datos!$E11+1 & " " & Idiomas!$A$29,"") -> 1 días | I11: {=IF(OR(Datos!$G11="",Datos!$A11=""),"",IF(AND(Datos!$G11=0,Datos!$F11>0,Fecha_Hoy>Datos!$F11),Fecha_Hoy-Datos!$F11,IF(Datos!$F11<Datos!$G11,Datos!$G11-Datos!$F11,0))& " " & Idiomas!$A$29)} -> 0 días | J11: Tapia,Socasi,Sanchez, Tapia | K11: {=HYPERLINK("["&Archivo_Nombre&"]KANBAN!"&IF(Tareas!$P11="","B2",Tareas!$P11),IF(Datos!$A11="","",Idiomas!$A$12&" "&ROW()-1))} -> Tarea 10
A12: COMPLETADO | B12: IMPORTANTE | C12: Revision del perfil del proyecto | D12: Revisar y ajustar el documento de perfil del proyecto antes de la defensa. | E12: 46150 | F12: 46150 | G12: 46150 | H12: =IF(Datos!$G12>0,Datos!$G12-Datos!$E12+1 & " " & Idiomas!$A$29,"") -> 1 días | I12: {=IF(OR(Datos!$G12="",Datos!$A12=""),"",IF(AND(Datos!$G12=0,Datos!$F12>0,Fecha_Hoy>Datos!$F12),Fecha_Hoy-Datos!$F12,IF(Datos!$F12<Datos!$G12,Datos!$G12-Datos!$F12,0))& " " & Idiomas!$A$29)} -> 0 días | J12: Juan Socasi | K12: {=HYPERLINK("["&Archivo_Nombre&"]KANBAN!"&IF(Tareas!$P12="","B2",Tareas!$P12),IF(Datos!$A12="","",Idiomas!$A$12&" "&ROW()-1))} -> Tarea 11
A13: COMPLETADO | B13: IMPORTANTE | C13: Defensa del proyecto primer parcial | D13: Presentación y sustentación del avance del proyecto ante evaluadores. | E13: 46150 | F13: 46150 | G13: 46150 | H13: =IF(Datos!$G13>0,Datos!$G13-Datos!$E13+1 & " " & Idiomas!$A$29,"") -> 1 días | I13: {=IF(OR(Datos!$G13="",Datos!$A13=""),"",IF(AND(Datos!$G13=0,Datos!$F13>0,Fecha_Hoy>Datos!$F13),Fecha_Hoy-Datos!$F13,IF(Datos!$F13<Datos!$G13,Datos!$G13-Datos!$F13,0))& " " & Idiomas!$A$29)} -> 0 días | J13: Tapia,Socasi,Sanchez, Tapia | K13: {=HYPERLINK("["&Archivo_Nombre&"]KANBAN!"&IF(Tareas!$P13="","B2",Tareas!$P13),IF(Datos!$A13="","",Idiomas!$A$12&" "&ROW()-1))} -> Tarea 12
... A18: COMPLETADO | B18: IMPORTANTE | C18: Elaboracion del Backblog_V1 | D18: Crear el backlog inicial del producto | E18: 46169 | F18: 46169 | G18: 46169 | H18: =IF(Datos!$G18>0,Datos!$G18-Datos!$E18+1 & " " & Idiomas!$A$29,"") -> 1 días | I18: {=IF(OR(Datos!$G18="",Datos!$A18=""),"",IF(AND(Datos!$G18=0,Datos!$F18>0,Fecha_Hoy>Datos!$F18),Fecha_Hoy-Datos!$F18,IF(Datos!$F18<Datos!$G18,Datos!$G18-Datos!$F18,0))& " " & Idiomas!$A$29)} -> 0 días | J18: Tapia,Socasi,Sanchez, Tapia | K18: {=HYPERLINK("["&Archivo_Nombre&"]KANBAN!"&IF(Tareas!$P18="","B2",Tareas!$P18),IF(Datos!$A18="","",Idiomas!$A$12&" "&ROW()-1))} -> Tarea 17
A19: COMPLETADO | B19: IMPORTANTE | C19: Sprint 1 | D19: Hito o contenedor de actividades del primer sprint. | E19: 46169 | F19: 46169 | G19: 46169 | H19: =IF(Datos!$G19>0,Datos!$G19-Datos!$E19+1 & " " & Idiomas!$A$29,"") -> 1 días | I19: {=IF(OR(Datos!$G19="",Datos!$A19=""),"",IF(AND(Datos!$G19=0,Datos!$F19>0,Fecha_Hoy>Datos!$F19),Fecha_Hoy-Datos!$F19,IF(Datos!$F19<Datos!$G19,Datos!$G19-Datos!$F19,0))& " " & Idiomas!$A$29)} -> 0 días | K19: {=HYPERLINK("["&Archivo_Nombre&"]KANBAN!"&IF(Tareas!$P19="","B2",Tareas!$P19),IF(Datos!$A19="","",Idiomas!$A$12&" "&ROW()-1))} -> Tarea 18
A20: COMPLETADO | B20: IMPORTANTE | C20: Elaboracion Requerimiento N1 | D20: Desarrollar la funcionalidad correspondiente al primer requerimiento priorizado. | E20: 46172 | F20: 46173 | G20: 46173 | H20: =IF(Datos!$G20>0,Datos!$G20-Datos!$E20+1 & " " & Idiomas!$A$29,"") -> 2 días | I20: {=IF(OR(Datos!$G20="",Datos!$A20=""),"",IF(AND(Datos!$G20=0,Datos!$F20>0,Fecha_Hoy>Datos!$F20),Fecha_Hoy-Datos!$F20,IF(Datos!$F20<Datos!$G20,Datos!$G20-Datos!$F20,0))& " " & Idiomas!$A$29)} -> 0 días | J20: Vicente Sanchez | K20: {=HYPERLINK("["&Archivo_Nombre&"]KANBAN!"&IF(Tareas!$P20="","B2",Tareas!$P20),IF(Datos!$A20="","",Idiomas!$A$12&" "&ROW()-1))} -> Tarea 19
A21: COMPLETADO | B21: IMPORTANTE | C21: Elaboracion Requerimiento N2 | D21: Implementar la funcionalidad del segundo requerimiento del sprint. | E21: 46172 | F21: 46173 | G21: 46173 | H21: =IF(Datos!$G21>0,Datos!$G21-Datos!$E21+1 & " " & Idiomas!$A$29,"") -> 2 días | I21: {=IF(OR(Datos!$G21="",Datos!$A21=""),"",IF(AND(Datos!$G21=0,Datos!$F21>0,Fecha_Hoy>Datos!$F21),Fecha_Hoy-Datos!$F21,IF(Datos!$F21<Datos!$G21,Datos!$G21-Datos!$F21,0))& " " & Idiomas!$A$29)} -> 0 días | J21: Jonathan Rodriguez | K21: {=HYPERLINK("["&Archivo_Nombre&"]KANBAN!"&IF(Tareas!$P21="","B2",Tareas!$P21),IF(Datos!$A21="","",Idiomas!$A$12&" "&ROW()-1))} -> Tarea 20
A22: COMPLETADO | B22: IMPORTANTE | C22: Elaboracion Requerimiento N3 | D22: Desarrollar la funcionalidad del tercer requerimiento | E22: 46172 | F22: 46173 | G22: 46173 | H22: =IF(Datos!$G22>0,Datos!$G22-Datos!$E22+1 & " " & Idiomas!$A$29,"") -> 2 días | I22: {=IF(OR(Datos!$G22="",Datos!$A22=""),"",IF(AND(Datos!$G22=0,Datos!$F22>0,Fecha_Hoy>Datos!$F22),Fecha_Hoy-Datos!$F22,IF(Datos!$F22<Datos!$G22,Datos!$G22-Datos!$F22,0))& " " & Idiomas!$A$29)} -> 0 días | J22: Jonathan Rodriguez | K22: {=HYPERLINK("["&Archivo_Nombre&"]KANBAN!"&IF(Tareas!$P22="","B2",Tareas!$P22),IF(Datos!$A22="","",Idiomas!$A$12&" "&ROW()-1))} -> Tarea 21
A23: COMPLETADO | B23: IMPORTANTE | C23: Elaboracion Requerimiento N4 | D23: Implementar la funcionalidad del cuarto requerimiento | E23: 46172 | F23: 46173 | G23: 46173 | H23: =IF(Datos!$G23>0,Datos!$G23-Datos!$E23+1 & " " & Idiomas!$A$29,"") -> 2 días | I23: {=IF(OR(Datos!$G23="",Datos!$A23=""),"",IF(AND(Datos!$G23=0,Datos!$F23>0,Fecha_Hoy>Datos!$F23),Fecha_Hoy-Datos!$F23,IF(Datos!$F23<Datos!$G23,Datos!$G23-Datos!$F23,0))& " " & Idiomas!$A$29)} -> 0 días | J23: Jonathan Rodriguez | K23: {=HYPERLINK("["&Archivo_Nombre&"]KANBAN!"&IF(Tareas!$P23="","B2",Tareas!$P23),IF(Datos!$A23="","",Idiomas!$A$12&" "&ROW()-1))} -> Tarea 22
A24: COMPLETADO | B24: IMPORTANTE | C24: Revision del Primer Sprint | D24: Revisar la calidad y correcto funcionamiento de las funcionalidades del sprint. | E24: 46174 | F24: 46174 | G24: 46174 | H24: =IF(Datos!$G24>0,Datos!$G24-Datos!$E24+1 & " " & Idiomas!$A$29,"") -> 1 días | I24: {=IF(OR(Datos!$G24="",Datos!$A24=""),"",IF(AND(Datos!$G24=0,Datos!$F24>0,Fecha_Hoy>Datos!$F24),Fecha_Hoy-Datos!$F24,IF(Datos!$F24<Datos!$G24,Datos!$G24-Datos!$F24,0))& " " & Idiomas!$A$29)} -> 0 días | J24: Ing. Jenny Ruiz | K24: {=HYPERLINK("["&Archivo_Nombre&"]KANBAN!"&IF(Tareas!$P24="","B2",Tareas!$P24),IF(Datos!$A24="","",Idiomas!$A$12&" "&ROW()-1))} -> Tarea 23
A25: COMPLETADO | B25: IMPORTANTE | C25: Presentacion del primer Sprint | D25: Exponer los requisitos completados en el sprint al equipo y stakeholders. | E25: 46177 | F25: 46177 | G25: 46177 | H25: =IF(Datos!$G25>0,Datos!$G25-Datos!$E25+1 & " " & Idiomas!$A$29,"") -> 1 días | I25: {=IF(OR(Datos!$G25="",Datos!$A25=""),"",IF(AND(Datos!$G25=0,Datos!$F25>0,Fecha_Hoy>Datos!$F25),Fecha_Hoy-Datos!$F25,IF(Datos!$F25<Datos!$G25,Datos!$G25-Datos!$F25,0))& " " & Idiomas!$A$29)} -> 0 días | J25: Tapia,Socasi,Sanchez, Tapia | K25: {=HYPERLINK("["&Archivo_Nombre&"]KANBAN!"&IF(Tareas!$P25="","B2",Tareas!$P25),IF(Datos!$A25="","",Idiomas!$A$12&" "&ROW()-1))} -> Tarea 24
A26: EN PROGRESO | B26: IMPORTANTE | C26: Elaboracion del Backblog_V2 | D26: Refinar o actualizar el backlog del producto para el siguiente sprint. | E26: 46181 | F26: 46182 | G26: 46183 | H26: =IF(Datos!$G26>0,Datos!$G26-Datos!$E26+1 & " " & Idiomas!$A$29,"") -> 3 días | I26: {=IF(OR(Datos!$G26="",Datos!$A26=""),"",IF(AND(Datos!$G26=0,Datos!$F26>0,Fecha_Hoy>Datos!$F26),Fecha_Hoy-Datos!$F26,IF(Datos!$F26<Datos!$G26,Datos!$G26-Datos!$F26,0))& " " & Idiomas!$A$29)} -> 1 días | J26: Tapia,Socasi,Sanchez, Tapia | K26: {=HYPERLINK("["&Archivo_Nombre&"]KANBAN!"&IF(Tareas!$P26="","B2",Tareas!$P26),IF(Datos!$A26="","",Idiomas!$A$12&" "&ROW()-1))} -> Tarea 25
A27: EN PROGRESO | B27: IMPORTANTE | C27: Sprint 2 | D27: Hito o contenedor de actividades del segundo sprint. | E27: 46185 | F27: 46186 | G27: 46187 | H27: =IF(Datos!$G27>0,Datos!$G27-Datos!$E27+1 & " " & Idiomas!$A$29,"") -> 3 días | I27: {=IF(OR(Datos!$G27="",Datos!$A27=""),"",IF(AND(Datos!$G27=0,Datos!$F27>0,Fecha_Hoy>Datos!$F27),Fecha_Hoy-Datos!$F27,IF(Datos!$F27<Datos!$G27,Datos!$G27-Datos!$F27,0))& " " & Idiomas!$A$29)} -> 1 días | K27: {=HYPERLINK("["&Archivo_Nombre&"]KANBAN!"&IF(Tareas!$P27="","B2",Tareas!$P27),IF(Datos!$A27="","",Idiomas!$A$12&" "&ROW()-1))} -> Tarea 26
A28: POR HACER | B28: IMPORTANTE | C28: Elaboracion Requerimiento N5 | D28: Desarrollar la funcionalidad del quinto requerimiento planificado. | E28: 46185 | F28: 46186 | G28: 46187 | H28: =IF(Datos!$G28>0,Datos!$G28-Datos!$E28+1 & " " & Idiomas!$A$29,"") -> 3 días | I28: {=IF(OR(Datos!$G28="",Datos!$A28=""),"",IF(AND(Datos!$G28=0,Datos!$F28>0,Fecha_Hoy>Datos!$F28),Fecha_Hoy-Datos!$F28,IF(Datos!$F28<Datos!$G28,Datos!$G28-Datos!$F28,0))& " " & Idiomas!$A$29)} -> 1 días | J28: Jonathan Rodriguez | K28: {=HYPERLINK("["&Archivo_Nombre&"]KANBAN!"&IF(Tareas!$P28="","B2",Tareas!$P28),IF(Datos!$A28="","",Idiomas!$A$12&" "&ROW()-1))} -> Tarea 27
A29: POR HACER | B29: IMPORTANTE | C29: Elaboracion Requerimiento N6 | D29: Desarrollar la funcionalidad del sexto requerimiento planificado. | E29: 46185 | F29: 46186 | G29: 46187 | H29: =IF(Datos!$G29>0,Datos!$G29-Datos!$E29+1 & " " & Idiomas!$A$29,"") -> 3 días | I29: {=IF(OR(Datos!$G29="",Datos!$A29=""),"",IF(AND(Datos!$G29=0,Datos!$F29>0,Fecha_Hoy>Datos!$F29),Fecha_Hoy-Datos!$F29,IF(Datos!$F29<Datos!$G29,Datos!$G29-Datos!$F29,0))& " " & Idiomas!$A$29)} -> 1 días | J29: Vicente Sanchez | K29: {=HYPERLINK("["&Archivo_Nombre&"]KANBAN!"&IF(Tareas!$P29="","B2",Tareas!$P29),IF(Datos!$A29="","",Idiomas!$A$12&" "&ROW()-1))} -> Tarea 28
A30: POR HACER | B30: IMPORTANTE | C30: Elaboracion Requerimiento N7 | D30: Implementar la funcionalidad del séptimo requerimiento | E30: 46185 | F30: 46186 | G30: 46187 | H30: =IF(Datos!$G30>0,Datos!$G30-Datos!$E30+1 & " " & Idiomas!$A$29,"") -> 3 días | I30: {=IF(OR(Datos!$G30="",Datos!$A30=""),"",IF(AND(Datos!$G30=0,Datos!$F30>0,Fecha_Hoy>Datos!$F30),Fecha_Hoy-Datos!$F30,IF(Datos!$F30<Datos!$G30,Datos!$G30-Datos!$F30,0))& " " & Idiomas!$A$29)} -> 1 días | J30: Joel Tapia | K30: {=HYPERLINK("["&Archivo_Nombre&"]KANBAN!"&IF(Tareas!$P30="","B2",Tareas!$P30),IF(Datos!$A30="","",Idiomas!$A$12&" "&ROW()-1))} -> Tarea 29
A31: EN ESPERA | B31: URGENTE | C31: Tercera Reunion | D31: Tercera reunión con el administrador para revisar el progreso, validar requerimientos pendientes y planificar los siguientes sprints. | E31: 46190 | F31: 46190 | G31: 46190 | H31: =IF(Datos!$G31>0,Datos!$G31-Datos!$E31+1 & " " & Idiomas!$A$29,"") -> 1 días | I31: {=IF(OR(Datos!$G31="",Datos!$A31=""),"",IF(AND(Datos!$G31=0,Datos!$F31>0,Fecha_Hoy>Datos!$F31),Fecha_Hoy-Datos!$F31,IF(Datos!$F31<Datos!$G31,Datos!$G31-Datos!$F31,0))& " " & Idiomas!$A$29)} -> 0 días | J31: Tapia,Socasi,Sanchez, Tapia | K31: {=HYPERLINK("["&Archivo_Nombre&"]KANBAN!"&IF(Tareas!$P31="","B2",Tareas!$P31),IF(Datos!$A31="","",Idiomas!$A$12&" "&ROW()-1))} -> Tarea 30
H32: =IF(Datos!$G32>0,Datos!$G32-Datos!$E32+1 & " " & Idiomas!$A$29,"") | I32: {=IF(OR(Datos!$G32="",Datos!$A32=""),"",IF(AND(Datos!$G32=0,Datos!$F32>0,Fecha_Hoy>Datos!$F32),Fecha_Hoy-Datos!$F32,IF(Datos!$F32<Datos!$G32,Datos!$G32-Datos!$F32,0))& " " & Idiomas!$A$29)} | K32: {=HYPERLINK("["&Archivo_Nombre&"]KANBAN!"&IF(Tareas!$P32="","B2",Tareas!$P32),IF(Datos!$A32="","",Idiomas!$A$12&" "&ROW()-1))}
H33: =IF(Datos!$G33>0,Datos!$G33-Datos!$E33+1 & " " & Idiomas!$A$29,"") | I33: {=IF(OR(Datos!$G33="",Datos!$A33=""),"",IF(AND(Datos!$G33=0,Datos!$F33>0,Fecha_Hoy>Datos!$F33),Fecha_Hoy-Datos!$F33,IF(Datos!$F33<Datos!$G33,Datos!$G33-Datos!$F33,0))& " " & Idiomas!$A$29)} | K33: {=HYPERLINK("["&Archivo_Nombre&"]KANBAN!"&IF(Tareas!$P33="","B2",Tareas!$P33),IF(Datos!$A33="","",Idiomas!$A$12&" "&ROW()-1))}
H34: =IF(Datos!$G34>0,Datos!$G34-Datos!$E34+1 & " " & Idiomas!$A$29,"") | I34: {=IF(OR(Datos!$G34="",Datos!$A34=""),"",IF(AND(Datos!$G34=0,Datos!$F34>0,Fecha_Hoy>Datos!$F34),Fecha_Hoy-Datos!$F34,IF(Datos!$F34<Datos!$G34,Datos!$G34-Datos!$F34,0))& " " & Idiomas!$A$29)} | K34: {=HYPERLINK("["&Archivo_Nombre&"]KANBAN!"&IF(Tareas!$P34="","B2",Tareas!$P34),IF(Datos!$A34="","",Idiomas!$A$12&" "&ROW()-1))}
H35: =IF(Datos!$G35>0,Datos!$G35-Datos!$E35+1 & " " & Idiomas!$A$29,"") | I35: {=IF(OR(Datos!$G35="",Datos!$A35=""),"",IF(AND(Datos!$G35=0,Datos!$F35>0,Fecha_Hoy>Datos!$F35),Fecha_Hoy-Datos!$F35,IF(Datos!$F35<Datos!$G35,Datos!$G35-Datos!$F35,0))& " " & Idiomas!$A$29)} | K35: {=HYPERLINK("["&Archivo_Nombre&"]KANBAN!"&IF(Tareas!$P35="","B2",Tareas!$P35),IF(Datos!$A35="","",Idiomas!$A$12&" "&ROW()-1))}
H36: =IF(Datos!$G36>0,Datos!$G36-Datos!$E36+1 & " " & Idiomas!$A$29,"") | I36: {=IF(OR(Datos!$G36="",Datos!$A36=""),"",IF(AND(Datos!$G36=0,Datos!$F36>0,Fecha_Hoy>Datos!$F36),Fecha_Hoy-Datos!$F36,IF(Datos!$F36<Datos!$G36,Datos!$G36-Datos!$F36,0))& " " & Idiomas!$A$29)} | K36: {=HYPERLINK("["&Archivo_Nombre&"]KANBAN!"&IF(Tareas!$P36="","B2",Tareas!$P36),IF(Datos!$A36="","",Idiomas!$A$12&" "&ROW()-1))}
H37: =IF(Datos!$G37>0,Datos!$G37-Datos!$E37+1 & " " & Idiomas!$A$29,"") | I37: {=IF(OR(Datos!$G37="",Datos!$A37=""),"",IF(AND(Datos!$G37=0,Datos!$F37>0,Fecha_Hoy>Datos!$F37),Fecha_Hoy-Datos!$F37,IF(Datos!$F37<Datos!$G37,Datos!$G37-Datos!$F37,0))& " " & Idiomas!$A$29)} | K37: {=HYPERLINK("["&Archivo_Nombre&"]KANBAN!"&IF(Tareas!$P37="","B2",Tareas!$P37),IF(Datos!$A37="","",Idiomas!$A$12&" "&ROW()-1))}
H38: =IF(Datos!$G38>0,Datos!$G38-Datos!$E38+1 & " " & Idiomas!$A$29,"") | I38: {=IF(OR(Datos!$G38="",Datos!$A38=""),"",IF(AND(Datos!$G38=0,Datos!$F38>0,Fecha_Hoy>Datos!$F38),Fecha_Hoy-Datos!$F38,IF(Datos!$F38<Datos!$G38,Datos!$G38-Datos!$F38,0))& " " & Idiomas!$A$29)} | K38: {=HYPERLINK("["&Archivo_Nombre&"]KANBAN!"&IF(Tareas!$P38="","B2",Tareas!$P38),IF(Datos!$A38="","",Idiomas!$A$12&" "&ROW()-1))}
H39: =IF(Datos!$G39>0,Datos!$G39-Datos!$E39+1 & " " & Idiomas!$A$29,"") | I39: {=IF(OR(Datos!$G39="",Datos!$A39=""),"",IF(AND(Datos!$G39=0,Datos!$F39>0,Fecha_Hoy>Datos!$F39),Fecha_Hoy-Datos!$F39,IF(Datos!$F39<Datos!$G39,Datos!$G39-Datos!$F39,0))& " " & Idiomas!$A$29)} | K39: {=HYPERLINK("["&Archivo_Nombre&"]KANBAN!"&IF(Tareas!$P39="","B2",Tareas!$P39),IF(Datos!$A39="","",Idiomas!$A$12&" "&ROW()-1))}
H40: =IF(Datos!$G40>0,Datos!$G40-Datos!$E40+1 & " " & Idiomas!$A$29,"") | I40: {=IF(OR(Datos!$G40="",Datos!$A40=""),"",IF(AND(Datos!$G40=0,Datos!$F40>0,Fecha_Hoy>Datos!$F40),Fecha_Hoy-Datos!$F40,IF(Datos!$F40<Datos!$G40,Datos!$G40-Datos!$F40,0))& " " & Idiomas!$A$29)} | K40: {=HYPERLINK("["&Archivo_Nombre&"]KANBAN!"&IF(Tareas!$P40="","B2",Tareas!$P40),IF(Datos!$A40="","",Idiomas!$A$12&" "&ROW()-1))}
H41: =IF(Datos!$G41>0,Datos!$G41-Datos!$E41+1 & " " & Idiomas!$A$29,"") | I41: {=IF(OR(Datos!$G41="",Datos!$A41=""),"",IF(AND(Datos!$G41=0,Datos!$F41>0,Fecha_Hoy>Datos!$F41),Fecha_Hoy-Datos!$F41,IF(Datos!$F41<Datos!$G41,Datos!$G41-Datos!$F41,0))& " " & Idiomas!$A$29)} | K41: {=HYPERLINK("["&Archivo_Nombre&"]KANBAN!"&IF(Tareas!$P41="","B2",Tareas!$P41),IF(Datos!$A41="","",Idiomas!$A$12&" "&ROW()-1))}
H42: =IF(Datos!$G42>0,Datos!$G42-Datos!$E42+1 & " " & Idiomas!$A$29,"") | I42: {=IF(OR(Datos!$G42="",Datos!$A42=""),"",IF(AND(Datos!$G42=0,Datos!$F42>0,Fecha_Hoy>Datos!$F42),Fecha_Hoy-Datos!$F42,IF(Datos!$F42<Datos!$G42,Datos!$G42-Datos!$F42,0))& " " & Idiomas!$A$29)} | K42: {=HYPERLINK("["&Archivo_Nombre&"]KANBAN!"&IF(Tareas!$P42="","B2",Tareas!$P42),IF(Datos!$A42="","",Idiomas!$A$12&" "&ROW()-1))}
H43: =IF(Datos!$G43>0,Datos!$G43-Datos!$E43+1 & " " & Idiomas!$A$29,"") | I43: {=IF(OR(Datos!$G43="",Datos!$A43=""),"",IF(AND(Datos!$G43=0,Datos!$F43>0,Fecha_Hoy>Datos!$F43),Fecha_Hoy-Datos!$F43,IF(Datos!$F43<Datos!$G43,Datos!$G43-Datos!$F43,0))& " " & Idiomas!$A$29)} | K43: {=HYPERLINK("["&Archivo_Nombre&"]KANBAN!"&IF(Tareas!$P43="","B2",Tareas!$P43),IF(Datos!$A43="","",Idiomas!$A$12&" "&ROW()-1))}
... H101: =IF(Datos!$G101>0,Datos!$G101-Datos!$E101+1 & " " & Idiomas!$A$29,"") | I101: {=IF(OR(Datos!$G101="",Datos!$A101=""),"",IF(AND(Datos!$G101=0,Datos!$F101>0,Fecha_Hoy>Datos!$F101),Fecha_Hoy-Datos!$F101,IF(Datos!$F101<Datos!$G101,Datos!$G101-Datos!$F101,0))& " " & Idiomas!$A$29)} | K101: {=HYPERLINK("["&Archivo_Nombre&"]KANBAN!"&IF(Tareas!$P101="","B2",Tareas!$P101),IF(Datos!$A101="","",Idiomas!$A$12&" "&ROW()-1))}

Sheet Configura
B2: =" " & Idiomas!$A$2 & " v3 ©️ " -> Tablero KANBAN v3 ©️ | E2: Blog: | F2: =Idiomas!$A$2 & " | #ExcelPedroWave" -> Tablero KANBAN | #ExcelPedroWave
E3: YouTube: | F3: Excel Pedro Wave - YouTube
B4: =Idiomas!$A$3 -> Idioma | E4: COPYRIGHT: | F4: CC BY-NC-SA 4.0
B5: Español
B6: =Idiomas!$A$4 & " " & Idiomas!$A$5 & " " & Idiomas!A$6 -> AVISO: Es preciso traducir Estados y Criticidad
B8: =Idiomas!$A$7 -> Estados | D8: =Idiomas!$A$8 -> Criticidad | F8: =Idiomas!$A$9 -> Miembros del equipo | H8: =Idiomas!$A$30 -> Orden en tarjetas | I8: #
B9: POR HACER | D9: URGENTE | F9: Joel Tapia | H9: =Idiomas!$A$12 -> Tarea | I9: 1
B10: EN PROGRESO | D10: IMPORTANTE | F10: Juan Socasi | H10: =Idiomas!$A$13 -> Descripción | I10: 2
B11: EN ESPERA | D11: NORMAL | F11: Vicente Sanchez | H11: =Idiomas!$A$14 -> Inicio | I11: 3
B12: COMPLETADO | F12: Jonathan Rodriguez | H12: =Idiomas!$A$15 -> Previsto | I12: 4
B13: ARCHIVADO | F13: Tapia,Socasi,Sanchez, Tapia | H13: =Idiomas!$A$16 -> Final | I13: 5
B14: POR HACER | F14: Ing. Jenny Ruiz | H14: =Idiomas!$A$17 -> Duración | I14: 6
B15: EN PROGRESO | H15: =Idiomas!$A$18 -> Retraso | I15: 7
H16: =Idiomas!$A$19 -> Asignado | I16: 8
H17: =Idiomas!$A$4 -> AVISO: | I17: á
H18: =Idiomas!$A$31 -> Cambiar números del 2 al 8
B19: =Idiomas!$A$10 -> Estado final | H19: =Idiomas!$A$32 -> No duplicar los números
B20: EN ESPERA
B22: =Idiomas!$A$11 -> Nombre archivo en Excel para la Web
B23: Tablero Kanban - PW3.xlsx

Sheet Tareas
A1: =Idiomas!$A$12 -> Tarea | B1: ="#"&Idiomas!$A$7 -> #Estados | C1: ="#"&Idiomas!$A$8 -> #Criticidad | D1: =Idiomas!$A$20 -> Filtro | E1: C | F1: H | G1: M | H1: R | I1: W | J1: AB | K1: AG | L1: AL | M1: AQ | N1: AV | O1: =Idiomas!$A$21 -> Celda | P1: Kanban
A2: =IFERROR(IF(Datos!$A2="","",Idiomas!$A$12&" "&ROW()-1),"") -> Tarea 1 | B2: =IFERROR(MATCH(Datos!$A2,Configura!$B$9:$B$18,0),0) -> 4 | C2: =IFERROR(MATCH(Datos!$B2,Configura!$D$9:$D$11,0),0) -> 3 | D2: {=IF(AND(Datos!$A2<>"", OR(miCriticidad="",miCriticidad=$C2), OR(miAsignado="",miAsignado=Datos!$J2), OR(miFechaInicio="",Datos!$E2="",Datos!$E2>=miFechaInicio), OR(miTexto="",IFERROR(SEARCH(miTexto,Datos!#REF!),0)>0,IFERROR(SEARCH(miTexto,Datos!$D2),0)>0), OR(miRetraso="",IFERROR(--LEFT(Datos!$I2,FIND(" ",Datos!$I2)-1),0)>miRetraso), OR(miDuración="",IFERROR(--LEFT(Datos!$H2,FIND(" ",Datos!$H2)-1),0)>miDuración)), 1,0)} -> 1 | E2: =IFERROR(E$1&"-"&MATCH($A2&":",INDIRECT("KANBAN!"&E$1&":"&E$1),0),"") | F2: =IFERROR(F$1&"-"&MATCH($A2&":",INDIRECT("KANBAN!"&F$1&":"&F$1),0),"") | G2: =IFERROR(G$1&"-"&MATCH($A2&":",INDIRECT("KANBAN!"&G$1&":"&G$1),0),"") | H2: =IFERROR(H$1&"-"&MATCH($A2&":",INDIRECT("KANBAN!"&H$1&":"&H$1),0),"") | I2: =IFERROR(I$1&"-"&MATCH($A2&":",INDIRECT("KANBAN!"&I$1&":"&I$1),0),"") | J2: =IFERROR(J$1&"-"&MATCH($A2&":",INDIRECT("KANBAN!"&J$1&":"&J$1),0),"") | K2: =IFERROR(K$1&"-"&MATCH($A2&":",INDIRECT("KANBAN!"&K$1&":"&K$1),0),"") | L2: =IFERROR(L$1&"-"&MATCH($A2&":",INDIRECT("KANBAN!"&L$1&":"&L$1),0),"") | ... N2: =IFERROR(N$1&"-"&MATCH($A2&":",INDIRECT("KANBAN!"&N$1&":"&N$1),0),"") | O2: =E2&F2&G2&H2&I2&J2&K2&L2&M2&N2 | P2: {=IFERROR(LEFT($O2,FIND("-",$O2)-1) & SUBSTITUTE($O2,LEFT($O2,FIND("-",$O2)-1) &"-","") & ":" & LEFT($O2,FIND("-",$O2)-1) & SUBSTITUTE($O2,LEFT($O2,FIND("-",$O2)-1) &"-","")+misLíneas-3,"")}
A3: =IFERROR(IF(Datos!$A3="","",Idiomas!$A$12&" "&ROW()-1),"") -> Tarea 2 | B3: =IFERROR(MATCH(Datos!$A3,Configura!$B$9:$B$18,0),0) -> 4 | C3: =IFERROR(MATCH(Datos!$B3,Configura!$D$9:$D$11,0),0) -> 3 | D3: {=IF(AND(Datos!$A3<>"", OR(miCriticidad="",miCriticidad=$C3), OR(miAsignado="",miAsignado=Datos!$J3), OR(miFechaInicio="",Datos!$E3="",Datos!$E3>=miFechaInicio), OR(miTexto="",IFERROR(SEARCH(miTexto,Datos!#REF!),0)>0,IFERROR(SEARCH(miTexto,Datos!$D3),0)>0), OR(miRetraso="",IFERROR(--LEFT(Datos!$I3,FIND(" ",Datos!$I3)-1),0)>miRetraso), OR(miDuración="",IFERROR(--LEFT(Datos!$H3,FIND(" ",Datos!$H3)-1),0)>miDuración)), 1,0)} -> 1 | E3: =IFERROR(E$1&"-"&MATCH($A3&":",INDIRECT("KANBAN!"&E$1&":"&E$1),0),"") | F3: =IFERROR(F$1&"-"&MATCH($A3&":",INDIRECT("KANBAN!"&F$1&":"&F$1),0),"") | G3: =IFERROR(G$1&"-"&MATCH($A3&":",INDIRECT("KANBAN!"&G$1&":"&G$1),0),"") | H3: =IFERROR(H$1&"-"&MATCH($A3&":",INDIRECT("KANBAN!"&H$1&":"&H$1),0),"") | I3: =IFERROR(I$1&"-"&MATCH($A3&":",INDIRECT("KANBAN!"&I$1&":"&I$1),0),"") | J3: =IFERROR(J$1&"-"&MATCH($A3&":",INDIRECT("KANBAN!"&J$1&":"&J$1),0),"") | K3: =IFERROR(K$1&"-"&MATCH($A3&":",INDIRECT("KANBAN!"&K$1&":"&K$1),0),"") | L3: =IFERROR(L$1&"-"&MATCH($A3&":",INDIRECT("KANBAN!"&L$1&":"&L$1),0),"") | ... N3: =IFERROR(N$1&"-"&MATCH($A3&":",INDIRECT("KANBAN!"&N$1&":"&N$1),0),"") | O3: =E3&F3&G3&H3&I3&J3&K3&L3&M3&N3 | P3: {=IFERROR(LEFT($O3,FIND("-",$O3)-1) & SUBSTITUTE($O3,LEFT($O3,FIND("-",$O3)-1) &"-","") & ":" & LEFT($O3,FIND("-",$O3)-1) & SUBSTITUTE($O3,LEFT($O3,FIND("-",$O3)-1) &"-","")+misLíneas-3,"")}
A4: =IFERROR(IF(Datos!$A4="","",Idiomas!$A$12&" "&ROW()-1),"") -> Tarea 3 | B4: =IFERROR(MATCH(Datos!$A4,Configura!$B$9:$B$18,0),0) -> 4 | C4: =IFERROR(MATCH(Datos!$B4,Configura!$D$9:$D$11,0),0) -> 3 | D4: {=IF(AND(Datos!$A4<>"", OR(miCriticidad="",miCriticidad=$C4), OR(miAsignado="",miAsignado=Datos!$J4), OR(miFechaInicio="",Datos!$E4="",Datos!$E4>=miFechaInicio), OR(miTexto="",IFERROR(SEARCH(miTexto,Datos!$C4),0)>0,IFERROR(SEARCH(miTexto,Datos!$D4),0)>0), OR(miRetraso="",IFERROR(--LEFT(Datos!$I4,FIND(" ",Datos!$I4)-1),0)>miRetraso), OR(miDuración="",IFERROR(--LEFT(Datos!$H4,FIND(" ",Datos!$H4)-1),0)>miDuración)), 1,0)} -> 1 | E4: =IFERROR(E$1&"-"&MATCH($A4&":",INDIRECT("KANBAN!"&E$1&":"&E$1),0),"") | F4: =IFERROR(F$1&"-"&MATCH($A4&":",INDIRECT("KANBAN!"&F$1&":"&F$1),0),"") | G4: =IFERROR(G$1&"-"&MATCH($A4&":",INDIRECT("KANBAN!"&G$1&":"&G$1),0),"") | H4: =IFERROR(H$1&"-"&MATCH($A4&":",INDIRECT("KANBAN!"&H$1&":"&H$1),0),"") -> R-195 | I4: =IFERROR(I$1&"-"&MATCH($A4&":",INDIRECT("KANBAN!"&I$1&":"&I$1),0),"") | J4: =IFERROR(J$1&"-"&MATCH($A4&":",INDIRECT("KANBAN!"&J$1&":"&J$1),0),"") | K4: =IFERROR(K$1&"-"&MATCH($A4&":",INDIRECT("KANBAN!"&K$1&":"&K$1),0),"") | L4: =IFERROR(L$1&"-"&MATCH($A4&":",INDIRECT("KANBAN!"&L$1&":"&L$1),0),"") | ... N4: =IFERROR(N$1&"-"&MATCH($A4&":",INDIRECT("KANBAN!"&N$1&":"&N$1),0),"") | O4: =E4&F4&G4&H4&I4&J4&K4&L4&M4&N4 -> R-195 | P4: {=IFERROR(LEFT($O4,FIND("-",$O4)-1) & SUBSTITUTE($O4,LEFT($O4,FIND("-",$O4)-1) &"-","") & ":" & LEFT($O4,FIND("-",$O4)-1) & SUBSTITUTE($O4,LEFT($O4,FIND("-",$O4)-1) &"-","")+misLíneas-3,"")} -> R195:R202
A5: =IFERROR(IF(Datos!$A5="","",Idiomas!$A$12&" "&ROW()-1),"") -> Tarea 4 | B5: =IFERROR(MATCH(Datos!$A5,Configura!$B$9:$B$18,0),0) -> 4 | C5: =IFERROR(MATCH(Datos!$B5,Configura!$D$9:$D$11,0),0) -> 3 | D5: {=IF(AND(Datos!$A5<>"", OR(miCriticidad="",miCriticidad=$C5), OR(miAsignado="",miAsignado=Datos!$J5), OR(miFechaInicio="",Datos!$E5="",Datos!$E5>=miFechaInicio), OR(miTexto="",IFERROR(SEARCH(miTexto,Datos!$C2),0)>0,IFERROR(SEARCH(miTexto,Datos!$D5),0)>0), OR(miRetraso="",IFERROR(--LEFT(Datos!$I5,FIND(" ",Datos!$I5)-1),0)>miRetraso), OR(miDuración="",IFERROR(--LEFT(Datos!$H5,FIND(" ",Datos!$H5)-1),0)>miDuración)), 1,0)} -> 1 | E5: =IFERROR(E$1&"-"&MATCH($A5&":",INDIRECT("KANBAN!"&E$1&":"&E$1),0),"") | F5: =IFERROR(F$1&"-"&MATCH($A5&":",INDIRECT("KANBAN!"&F$1&":"&F$1),0),"") | G5: =IFERROR(G$1&"-"&MATCH($A5&":",INDIRECT("KANBAN!"&G$1&":"&G$1),0),"") | H5: =IFERROR(H$1&"-"&MATCH($A5&":",INDIRECT("KANBAN!"&H$1&":"&H$1),0),"") -> R-186 | I5: =IFERROR(I$1&"-"&MATCH($A5&":",INDIRECT("KANBAN!"&I$1&":"&I$1),0),"") | J5: =IFERROR(J$1&"-"&MATCH($A5&":",INDIRECT("KANBAN!"&J$1&":"&J$1),0),"") | K5: =IFERROR(K$1&"-"&MATCH($A5&":",INDIRECT("KANBAN!"&K$1&":"&K$1),0),"") | L5: =IFERROR(L$1&"-"&MATCH($A5&":",INDIRECT("KANBAN!"&L$1&":"&L$1),0),"") | ... N5: =IFERROR(N$1&"-"&MATCH($A5&":",INDIRECT("KANBAN!"&N$1&":"&N$1),0),"") | O5: =E5&F5&G5&H5&I5&J5&K5&L5&M5&N5 -> R-186 | P5: {=IFERROR(LEFT($O5,FIND("-",$O5)-1) & SUBSTITUTE($O5,LEFT($O5,FIND("-",$O5)-1) &"-","") & ":" & LEFT($O5,FIND("-",$O5)-1) & SUBSTITUTE($O5,LEFT($O5,FIND("-",$O5)-1) &"-","")+misLíneas-3,"")} -> R186:R193
A6: =IFERROR(IF(Datos!$A6="","",Idiomas!$A$12&" "&ROW()-1),"") -> Tarea 5 | B6: =IFERROR(MATCH(Datos!$A6,Configura!$B$9:$B$18,0),0) -> 4 | C6: =IFERROR(MATCH(Datos!$B6,Configura!$D$9:$D$11,0),0) -> 3 | D6: {=IF(AND(Datos!$A6<>"", OR(miCriticidad="",miCriticidad=$C6), OR(miAsignado="",miAsignado=Datos!$J6), OR(miFechaInicio="",Datos!$E6="",Datos!$E6>=miFechaInicio), OR(miTexto="",IFERROR(SEARCH(miTexto,Datos!$C6),0)>0,IFERROR(SEARCH(miTexto,Datos!$D6),0)>0), OR(miRetraso="",IFERROR(--LEFT(Datos!$I6,FIND(" ",Datos!$I6)-1),0)>miRetraso), OR(miDuración="",IFERROR(--LEFT(Datos!$H6,FIND(" ",Datos!$H6)-1),0)>miDuración)), 1,0)} -> 1 | E6: =IFERROR(E$1&"-"&MATCH($A6&":",INDIRECT("KANBAN!"&E$1&":"&E$1),0),"") | F6: =IFERROR(F$1&"-"&MATCH($A6&":",INDIRECT("KANBAN!"&F$1&":"&F$1),0),"") | G6: =IFERROR(G$1&"-"&MATCH($A6&":",INDIRECT("KANBAN!"&G$1&":"&G$1),0),"") | H6: =IFERROR(H$1&"-"&MATCH($A6&":",INDIRECT("KANBAN!"&H$1&":"&H$1),0),"") -> R-177 | I6: =IFERROR(I$1&"-"&MATCH($A6&":",INDIRECT("KANBAN!"&I$1&":"&I$1),0),"") | J6: =IFERROR(J$1&"-"&MATCH($A6&":",INDIRECT("KANBAN!"&J$1&":"&J$1),0),"") | K6: =IFERROR(K$1&"-"&MATCH($A6&":",INDIRECT("KANBAN!"&K$1&":"&K$1),0),"") | L6: =IFERROR(L$1&"-"&MATCH($A6&":",INDIRECT("KANBAN!"&L$1&":"&L$1),0),"") | ... N6: =IFERROR(N$1&"-"&MATCH($A6&":",INDIRECT("KANBAN!"&N$1&":"&N$1),0),"") | O6: =E6&F6&G6&H6&I6&J6&K6&L6&M6&N6 -> R-177 | P6: {=IFERROR(LEFT($O6,FIND("-",$O6)-1) & SUBSTITUTE($O6,LEFT($O6,FIND("-",$O6)-1) &"-","") & ":" & LEFT($O6,FIND("-",$O6)-1) & SUBSTITUTE($O6,LEFT($O6,FIND("-",$O6)-1) &"-","")+misLíneas-3,"")} -> R177:R184
A7: =IFERROR(IF(Datos!$A7="","",Idiomas!$A$12&" "&ROW()-1),"") -> Tarea 6 | B7: =IFERROR(MATCH(Datos!$A7,Configura!$B$9:$B$18,0),0) -> 4 | C7: =IFERROR(MATCH(Datos!$B7,Configura!$D$9:$D$11,0),0) -> 3 | D7: {=IF(AND(Datos!$A7<>"", OR(miCriticidad="",miCriticidad=$C7), OR(miAsignado="",miAsignado=Datos!$J7), OR(miFechaInicio="",Datos!$E7="",Datos!$E7>=miFechaInicio), OR(miTexto="",IFERROR(SEARCH(miTexto,Datos!$C7),0)>0,IFERROR(SEARCH(miTexto,Datos!$D7),0)>0), OR(miRetraso="",IFERROR(--LEFT(Datos!$I7,FIND(" ",Datos!$I7)-1),0)>miRetraso), OR(miDuración="",IFERROR(--LEFT(Datos!$H7,FIND(" ",Datos!$H7)-1),0)>miDuración)), 1,0)} -> 1 | E7: =IFERROR(E$1&"-"&MATCH($A7&":",INDIRECT("KANBAN!"&E$1&":"&E$1),0),"") | F7: =IFERROR(F$1&"-"&MATCH($A7&":",INDIRECT("KANBAN!"&F$1&":"&F$1),0),"") | G7: =IFERROR(G$1&"-"&MATCH($A7&":",INDIRECT("KANBAN!"&G$1&":"&G$1),0),"") | H7: =IFERROR(H$1&"-"&MATCH($A7&":",INDIRECT("KANBAN!"&H$1&":"&H$1),0),"") -> R-168 | I7: =IFERROR(I$1&"-"&MATCH($A7&":",INDIRECT("KANBAN!"&I$1&":"&I$1),0),"") | J7: =IFERROR(J$1&"-"&MATCH($A7&":",INDIRECT("KANBAN!"&J$1&":"&J$1),0),"") | K7: =IFERROR(K$1&"-"&MATCH($A7&":",INDIRECT("KANBAN!"&K$1&":"&K$1),0),"") | L7: =IFERROR(L$1&"-"&MATCH($A7&":",INDIRECT("KANBAN!"&L$1&":"&L$1),0),"") | ... N7: =IFERROR(N$1&"-"&MATCH($A7&":",INDIRECT("KANBAN!"&N$1&":"&N$1),0),"") | O7: =E7&F7&G7&H7&I7&J7&K7&L7&M7&N7 -> R-168 | P7: {=IFERROR(LEFT($O7,FIND("-",$O7)-1) & SUBSTITUTE($O7,LEFT($O7,FIND("-",$O7)-1) &"-","") & ":" & LEFT($O7,FIND("-",$O7)-1) & SUBSTITUTE($O7,LEFT($O7,FIND("-",$O7)-1) &"-","")+misLíneas-3,"")} -> R168:R175
A8: =IFERROR(IF(Datos!$A8="","",Idiomas!$A$12&" "&ROW()-1),"") -> Tarea 7 | B8: =IFERROR(MATCH(Datos!$A8,Configura!$B$9:$B$18,0),0) -> 4 | C8: =IFERROR(MATCH(Datos!$B8,Configura!$D$9:$D$11,0),0) -> 3 | D8: {=IF(AND(Datos!$A8<>"", OR(miCriticidad="",miCriticidad=$C8), OR(miAsignado="",miAsignado=Datos!$J8), OR(miFechaInicio="",Datos!$E8="",Datos!$E8>=miFechaInicio), OR(miTexto="",IFERROR(SEARCH(miTexto,Datos!$C8),0)>0,IFERROR(SEARCH(miTexto,Datos!$D8),0)>0), OR(miRetraso="",IFERROR(--LEFT(Datos!$I8,FIND(" ",Datos!$I8)-1),0)>miRetraso), OR(miDuración="",IFERROR(--LEFT(Datos!$H8,FIND(" ",Datos!$H8)-1),0)>miDuración)), 1,0)} -> 1 | E8: =IFERROR(E$1&"-"&MATCH($A8&":",INDIRECT("KANBAN!"&E$1&":"&E$1),0),"") | F8: =IFERROR(F$1&"-"&MATCH($A8&":",INDIRECT("KANBAN!"&F$1&":"&F$1),0),"") | G8: =IFERROR(G$1&"-"&MATCH($A8&":",INDIRECT("KANBAN!"&G$1&":"&G$1),0),"") | H8: =IFERROR(H$1&"-"&MATCH($A8&":",INDIRECT("KANBAN!"&H$1&":"&H$1),0),"") -> R-159 | I8: =IFERROR(I$1&"-"&MATCH($A8&":",INDIRECT("KANBAN!"&I$1&":"&I$1),0),"") | J8: =IFERROR(J$1&"-"&MATCH($A8&":",INDIRECT("KANBAN!"&J$1&":"&J$1),0),"") | K8: =IFERROR(K$1&"-"&MATCH($A8&":",INDIRECT("KANBAN!"&K$1&":"&K$1),0),"") | L8: =IFERROR(L$1&"-"&MATCH($A8&":",INDIRECT("KANBAN!"&L$1&":"&L$1),0),"") | ... N8: =IFERROR(N$1&"-"&MATCH($A8&":",INDIRECT("KANBAN!"&N$1&":"&N$1),0),"") | O8: =E8&F8&G8&H8&I8&J8&K8&L8&M8&N8 -> R-159 | P8: {=IFERROR(LEFT($O8,FIND("-",$O8)-1) & SUBSTITUTE($O8,LEFT($O8,FIND("-",$O8)-1) &"-","") & ":" & LEFT($O8,FIND("-",$O8)-1) & SUBSTITUTE($O8,LEFT($O8,FIND("-",$O8)-1) &"-","")+misLíneas-3,"")} -> R159:R166
A9: =IFERROR(IF(Datos!$A9="","",Idiomas!$A$12&" "&ROW()-1),"") -> Tarea 8 | B9: =IFERROR(MATCH(Datos!$A9,Configura!$B$9:$B$18,0),0) -> 4 | C9: =IFERROR(MATCH(Datos!$B9,Configura!$D$9:$D$11,0),0) -> 3 | D9: {=IF(AND(Datos!$A9<>"", OR(miCriticidad="",miCriticidad=$C9), OR(miAsignado="",miAsignado=Datos!$J9), OR(miFechaInicio="",Datos!$E9="",Datos!$E9>=miFechaInicio), OR(miTexto="",IFERROR(SEARCH(miTexto,Datos!$C9),0)>0,IFERROR(SEARCH(miTexto,Datos!$D9),0)>0), OR(miRetraso="",IFERROR(--LEFT(Datos!$I9,FIND(" ",Datos!$I9)-1),0)>miRetraso), OR(miDuración="",IFERROR(--LEFT(Datos!$H9,FIND(" ",Datos!$H9)-1),0)>miDuración)), 1,0)} -> 1 | E9: =IFERROR(E$1&"-"&MATCH($A9&":",INDIRECT("KANBAN!"&E$1&":"&E$1),0),"") | F9: =IFERROR(F$1&"-"&MATCH($A9&":",INDIRECT("KANBAN!"&F$1&":"&F$1),0),"") | G9: =IFERROR(G$1&"-"&MATCH($A9&":",INDIRECT("KANBAN!"&G$1&":"&G$1),0),"") | H9: =IFERROR(H$1&"-"&MATCH($A9&":",INDIRECT("KANBAN!"&H$1&":"&H$1),0),"") -> R-150 | I9: =IFERROR(I$1&"-"&MATCH($A9&":",INDIRECT("KANBAN!"&I$1&":"&I$1),0),"") | J9: =IFERROR(J$1&"-"&MATCH($A9&":",INDIRECT("KANBAN!"&J$1&":"&J$1),0),"") | K9: =IFERROR(K$1&"-"&MATCH($A9&":",INDIRECT("KANBAN!"&K$1&":"&K$1),0),"") | L9: =IFERROR(L$1&"-"&MATCH($A9&":",INDIRECT("KANBAN!"&L$1&":"&L$1),0),"") | ... N9: =IFERROR(N$1&"-"&MATCH($A9&":",INDIRECT("KANBAN!"&N$1&":"&N$1),0),"") | O9: =E9&F9&G9&H9&I9&J9&K9&L9&M9&N9 -> R-150 | P9: {=IFERROR(LEFT($O9,FIND("-",$O9)-1) & SUBSTITUTE($O9,LEFT($O9,FIND("-",$O9)-1) &"-","") & ":" & LEFT($O9,FIND("-",$O9)-1) & SUBSTITUTE($O9,LEFT($O9,FIND("-",$O9)-1) &"-","")+misLíneas-3,"")} -> R150:R157
A10: =IFERROR(IF(Datos!$A10="","",Idiomas!$A$12&" "&ROW()-1),"") -> Tarea 9 | B10: =IFERROR(MATCH(Datos!$A10,Configura!$B$9:$B$18,0),0) -> 4 | C10: =IFERROR(MATCH(Datos!$B10,Configura!$D$9:$D$11,0),0) -> 2 | D10: {=IF(AND(Datos!$A10<>"", OR(miCriticidad="",miCriticidad=$C10), OR(miAsignado="",miAsignado=Datos!$J10), OR(miFechaInicio="",Datos!$E10="",Datos!$E10>=miFechaInicio), OR(miTexto="",IFERROR(SEARCH(miTexto,Datos!$C10),0)>0,IFERROR(SEARCH(miTexto,Datos!$D10),0)>0), OR(miRetraso="",IFERROR(--LEFT(Datos!$I10,FIND(" ",Datos!$I10)-1),0)>miRetraso), OR(miDuración="",IFERROR(--LEFT(Datos!$H10,FIND(" ",Datos!$H10)-1),0)>miDuración)), 1,0)} -> 1 | E10: =IFERROR(E$1&"-"&MATCH($A10&":",INDIRECT("KANBAN!"&E$1&":"&E$1),0),"") | F10: =IFERROR(F$1&"-"&MATCH($A10&":",INDIRECT("KANBAN!"&F$1&":"&F$1),0),"") | G10: =IFERROR(G$1&"-"&MATCH($A10&":",INDIRECT("KANBAN!"&G$1&":"&G$1),0),"") | H10: =IFERROR(H$1&"-"&MATCH($A10&":",INDIRECT("KANBAN!"&H$1&":"&H$1),0),"") -> R-141 | I10: =IFERROR(I$1&"-"&MATCH($A10&":",INDIRECT("KANBAN!"&I$1&":"&I$1),0),"") | J10: =IFERROR(J$1&"-"&MATCH($A10&":",INDIRECT("KANBAN!"&J$1&":"&J$1),0),"") | K10: =IFERROR(K$1&"-"&MATCH($A10&":",INDIRECT("KANBAN!"&K$1&":"&K$1),0),"") | L10: =IFERROR(L$1&"-"&MATCH($A10&":",INDIRECT("KANBAN!"&L$1&":"&L$1),0),"") | ... N10: =IFERROR(N$1&"-"&MATCH($A10&":",INDIRECT("KANBAN!"&N$1&":"&N$1),0),"") | O10: =E10&F10&G10&H10&I10&J10&K10&L10&M10&N10 -> R-141 | P10: {=IFERROR(LEFT($O10,FIND("-",$O10)-1) & SUBSTITUTE($O10,LEFT($O10,FIND("-",$O10)-1) &"-","") & ":" & LEFT($O10,FIND("-",$O10)-1) & SUBSTITUTE($O10,LEFT($O10,FIND("-",$O10)-1) &"-","")+misLíneas-3,"")} -> R141:R148
A11: =IFERROR(IF(Datos!$A11="","",Idiomas!$A$12&" "&ROW()-1),"") -> Tarea 10 | B11: =IFERROR(MATCH(Datos!$A11,Configura!$B$9:$B$18,0),0) -> 4 | C11: =IFERROR(MATCH(Datos!$B11,Configura!$D$9:$D$11,0),0) -> 1 | D11: {=IF(AND(Datos!$A11<>"", OR(miCriticidad="",miCriticidad=$C11), OR(miAsignado="",miAsignado=Datos!$J11), OR(miFechaInicio="",Datos!$E11="",Datos!$E11>=miFechaInicio), OR(miTexto="",IFERROR(SEARCH(miTexto,Datos!$C11),0)>0,IFERROR(SEARCH(miTexto,Datos!$D11),0)>0), OR(miRetraso="",IFERROR(--LEFT(Datos!$I11,FIND(" ",Datos!$I11)-1),0)>miRetraso), OR(miDuración="",IFERROR(--LEFT(Datos!$H11,FIND(" ",Datos!$H11)-1),0)>miDuración)), 1,0)} -> 1 | E11: =IFERROR(E$1&"-"&MATCH($A11&":",INDIRECT("KANBAN!"&E$1&":"&E$1),0),"") | F11: =IFERROR(F$1&"-"&MATCH($A11&":",INDIRECT("KANBAN!"&F$1&":"&F$1),0),"") | G11: =IFERROR(G$1&"-"&MATCH($A11&":",INDIRECT("KANBAN!"&G$1&":"&G$1),0),"") | H11: =IFERROR(H$1&"-"&MATCH($A11&":",INDIRECT("KANBAN!"&H$1&":"&H$1),0),"") -> R-132 | I11: =IFERROR(I$1&"-"&MATCH($A11&":",INDIRECT("KANBAN!"&I$1&":"&I$1),0),"") | J11: =IFERROR(J$1&"-"&MATCH($A11&":",INDIRECT("KANBAN!"&J$1&":"&J$1),0),"") | K11: =IFERROR(K$1&"-"&MATCH($A11&":",INDIRECT("KANBAN!"&K$1&":"&K$1),0),"") | L11: =IFERROR(L$1&"-"&MATCH($A11&":",INDIRECT("KANBAN!"&L$1&":"&L$1),0),"") | ... N11: =IFERROR(N$1&"-"&MATCH($A11&":",INDIRECT("KANBAN!"&N$1&":"&N$1),0),"") | O11: =E11&F11&G11&H11&I11&J11&K11&L11&M11&N11 -> R-132 | P11: {=IFERROR(LEFT($O11,FIND("-",$O11)-1) & SUBSTITUTE($O11,LEFT($O11,FIND("-",$O11)-1) &"-","") & ":" & LEFT($O11,FIND("-",$O11)-1) & SUBSTITUTE($O11,LEFT($O11,FIND("-",$O11)-1) &"-","")+misLíneas-3,"")} -> R132:R139
A12: =IFERROR(IF(Datos!$A12="","",Idiomas!$A$12&" "&ROW()-1),"") -> Tarea 11 | B12: =IFERROR(MATCH(Datos!$A12,Configura!$B$9:$B$18,0),0) -> 4 | C12: =IFERROR(MATCH(Datos!$B12,Configura!$D$9:$D$11,0),0) -> 2 | D12: {=IF(AND(Datos!$A12<>"", OR(miCriticidad="",miCriticidad=$C12), OR(miAsignado="",miAsignado=Datos!$J12), OR(miFechaInicio="",Datos!$E12="",Datos!$E12>=miFechaInicio), OR(miTexto="",IFERROR(SEARCH(miTexto,Datos!$C12),0)>0,IFERROR(SEARCH(miTexto,Datos!$D12),0)>0), OR(miRetraso="",IFERROR(--LEFT(Datos!$I12,FIND(" ",Datos!$I12)-1),0)>miRetraso), OR(miDuración="",IFERROR(--LEFT(Datos!$H12,FIND(" ",Datos!$H12)-1),0)>miDuración)), 1,0)} -> 1 | E12: =IFERROR(E$1&"-"&MATCH($A12&":",INDIRECT("KANBAN!"&E$1&":"&E$1),0),"") | F12: =IFERROR(F$1&"-"&MATCH($A12&":",INDIRECT("KANBAN!"&F$1&":"&F$1),0),"") | G12: =IFERROR(G$1&"-"&MATCH($A12&":",INDIRECT("KANBAN!"&G$1&":"&G$1),0),"") | H12: =IFERROR(H$1&"-"&MATCH($A12&":",INDIRECT("KANBAN!"&H$1&":"&H$1),0),"") -> R-123 | I12: =IFERROR(I$1&"-"&MATCH($A12&":",INDIRECT("KANBAN!"&I$1&":"&I$1),0),"") | J12: =IFERROR(J$1&"-"&MATCH($A12&":",INDIRECT("KANBAN!"&J$1&":"&J$1),0),"") | K12: =IFERROR(K$1&"-"&MATCH($A12&":",INDIRECT("KANBAN!"&K$1&":"&K$1),0),"") | L12: =IFERROR(L$1&"-"&MATCH($A12&":",INDIRECT("KANBAN!"&L$1&":"&L$1),0),"") | ... N12: =IFERROR(N$1&"-"&MATCH($A12&":",INDIRECT("KANBAN!"&N$1&":"&N$1),0),"") | O12: =E12&F12&G12&H12&I12&J12&K12&L12&M12&N12 -> R-123 | P12: {=IFERROR(LEFT($O12,FIND("-",$O12)-1) & SUBSTITUTE($O12,LEFT($O12,FIND("-",$O12)-1) &"-","") & ":" & LEFT($O12,FIND("-",$O12)-1) & SUBSTITUTE($O12,LEFT($O12,FIND("-",$O12)-1) &"-","")+misLíneas-3,"")} -> R123:R130
A13: =IFERROR(IF(Datos!$A13="","",Idiomas!$A$12&" "&ROW()-1),"") -> Tarea 12 | B13: =IFERROR(MATCH(Datos!$A13,Configura!$B$9:$B$18,0),0) -> 4 | C13: =IFERROR(MATCH(Datos!$B13,Configura!$D$9:$D$11,0),0) -> 2 | D13: {=IF(AND(Datos!$A13<>"", OR(miCriticidad="",miCriticidad=$C13), OR(miAsignado="",miAsignado=Datos!$J13), OR(miFechaInicio="",Datos!$E13="",Datos!$E13>=miFechaInicio), OR(miTexto="",IFERROR(SEARCH(miTexto,Datos!$C13),0)>0,IFERROR(SEARCH(miTexto,Datos!$D13),0)>0), OR(miRetraso="",IFERROR(--LEFT(Datos!$I13,FIND(" ",Datos!$I13)-1),0)>miRetraso), OR(miDuración="",IFERROR(--LEFT(Datos!$H13,FIND(" ",Datos!$H13)-1),0)>miDuración)), 1,0)} -> 1 | E13: =IFERROR(E$1&"-"&MATCH($A13&":",INDIRECT("KANBAN!"&E$1&":"&E$1),0),"") | F13: =IFERROR(F$1&"-"&MATCH($A13&":",INDIRECT("KANBAN!"&F$1&":"&F$1),0),"") | G13: =IFERROR(G$1&"-"&MATCH($A13&":",INDIRECT("KANBAN!"&G$1&":"&G$1),0),"") | H13: =IFERROR(H$1&"-"&MATCH($A13&":",INDIRECT("KANBAN!"&H$1&":"&H$1),0),"") -> R-114 | I13: =IFERROR(I$1&"-"&MATCH($A13&":",INDIRECT("KANBAN!"&I$1&":"&I$1),0),"") | J13: =IFERROR(J$1&"-"&MATCH($A13&":",INDIRECT("KANBAN!"&J$1&":"&J$1),0),"") | K13: =IFERROR(K$1&"-"&MATCH($A13&":",INDIRECT("KANBAN!"&K$1&":"&K$1),0),"") | L13: =IFERROR(L$1&"-"&MATCH($A13&":",INDIRECT("KANBAN!"&L$1&":"&L$1),0),"") | ... N13: =IFERROR(N$1&"-"&MATCH($A13&":",INDIRECT("KANBAN!"&N$1&":"&N$1),0),"") | O13: =E13&F13&G13&H13&I13&J13&K13&L13&M13&N13 -> R-114 | P13: {=IFERROR(LEFT($O13,FIND("-",$O13)-1) & SUBSTITUTE($O13,LEFT($O13,FIND("-",$O13)-1) &"-","") & ":" & LEFT($O13,FIND("-",$O13)-1) & SUBSTITUTE($O13,LEFT($O13,FIND("-",$O13)-1) &"-","")+misLíneas-3,"")} -> R114:R121
A14: =IFERROR(IF(Datos!$A14="","",Idiomas!$A$12&" "&ROW()-1),"") -> Tarea 13 | B14: =IFERROR(MATCH(Datos!$A14,Configura!$B$9:$B$18,0),0) -> 4 | C14: =IFERROR(MATCH(Datos!$B14,Configura!$D$9:$D$11,0),0) -> 2 | D14: {=IF(AND(Datos!$A14<>"", OR(miCriticidad="",miCriticidad=$C14), OR(miAsignado="",miAsignado=Datos!$J14), OR(miFechaInicio="",Datos!$E14="",Datos!$E14>=miFechaInicio), OR(miTexto="",IFERROR(SEARCH(miTexto,Datos!$C14),0)>0,IFERROR(SEARCH(miTexto,Datos!$D14),0)>0), OR(miRetraso="",IFERROR(--LEFT(Datos!$I14,FIND(" ",Datos!$I14)-1),0)>miRetraso), OR(miDuración="",IFERROR(--LEFT(Datos!$H14,FIND(" ",Datos!$H14)-1),0)>miDuración)), 1,0)} -> 1 | E14: =IFERROR(E$1&"-"&MATCH($A14&":",INDIRECT("KANBAN!"&E$1&":"&E$1),0),"") | F14: =IFERROR(F$1&"-"&MATCH($A14&":",INDIRECT("KANBAN!"&F$1&":"&F$1),0),"") | G14: =IFERROR(G$1&"-"&MATCH($A14&":",INDIRECT("KANBAN!"&G$1&":"&G$1),0),"") | H14: =IFERROR(H$1&"-"&MATCH($A14&":",INDIRECT("KANBAN!"&H$1&":"&H$1),0),"") -> R-105 | I14: =IFERROR(I$1&"-"&MATCH($A14&":",INDIRECT("KANBAN!"&I$1&":"&I$1),0),"") | J14: =IFERROR(J$1&"-"&MATCH($A14&":",INDIRECT("KANBAN!"&J$1&":"&J$1),0),"") | K14: =IFERROR(K$1&"-"&MATCH($A14&":",INDIRECT("KANBAN!"&K$1&":"&K$1),0),"") | L14: =IFERROR(L$1&"-"&MATCH($A14&":",INDIRECT("KANBAN!"&L$1&":"&L$1),0),"") | ... N14: =IFERROR(N$1&"-"&MATCH($A14&":",INDIRECT("KANBAN!"&N$1&":"&N$1),0),"") | O14: =E14&F14&G14&H14&I14&J14&K14&L14&M14&N14 -> R-105 | P14: {=IFERROR(LEFT($O14,FIND("-",$O14)-1) & SUBSTITUTE($O14,LEFT($O14,FIND("-",$O14)-1) &"-","") & ":" & LEFT($O14,FIND("-",$O14)-1) & SUBSTITUTE($O14,LEFT($O14,FIND("-",$O14)-1) &"-","")+misLíneas-3,"")} -> R105:R112
A15: =IFERROR(IF(Datos!$A15="","",Idiomas!$A$12&" "&ROW()-1),"") -> Tarea 14 | B15: =IFERROR(MATCH(Datos!$A15,Configura!$B$9:$B$18,0),0) -> 4 | C15: =IFERROR(MATCH(Datos!$B15,Configura!$D$9:$D$11,0),0) -> 1 | D15: {=IF(AND(Datos!$A15<>"", OR(miCriticidad="",miCriticidad=$C15), OR(miAsignado="",miAsignado=Datos!$J15), OR(miFechaInicio="",Datos!$E15="",Datos!$E15>=miFechaInicio), OR(miTexto="",IFERROR(SEARCH(miTexto,Datos!$C15),0)>0,IFERROR(SEARCH(miTexto,Datos!$D15),0)>0), OR(miRetraso="",IFERROR(--LEFT(Datos!$I15,FIND(" ",Datos!$I15)-1),0)>miRetraso), OR(miDuración="",IFERROR(--LEFT(Datos!$H15,FIND(" ",Datos!$H15)-1),0)>miDuración)), 1,0)} -> 1 | E15: =IFERROR(E$1&"-"&MATCH($A15&":",INDIRECT("KANBAN!"&E$1&":"&E$1),0),"") | F15: =IFERROR(F$1&"-"&MATCH($A15&":",INDIRECT("KANBAN!"&F$1&":"&F$1),0),"") | G15: =IFERROR(G$1&"-"&MATCH($A15&":",INDIRECT("KANBAN!"&G$1&":"&G$1),0),"") | H15: =IFERROR(H$1&"-"&MATCH($A15&":",INDIRECT("KANBAN!"&H$1&":"&H$1),0),"") -> R-96 | I15: =IFERROR(I$1&"-"&MATCH($A15&":",INDIRECT("KANBAN!"&I$1&":"&I$1),0),"") | J15: =IFERROR(J$1&"-"&MATCH($A15&":",INDIRECT("KANBAN!"&J$1&":"&J$1),0),"") | K15: =IFERROR(K$1&"-"&MATCH($A15&":",INDIRECT("KANBAN!"&K$1&":"&K$1),0),"") | L15: =IFERROR(L$1&"-"&MATCH($A15&":",INDIRECT("KANBAN!"&L$1&":"&L$1),0),"") | ... N15: =IFERROR(N$1&"-"&MATCH($A15&":",INDIRECT("KANBAN!"&N$1&":"&N$1),0),"") | O15: =E15&F15&G15&H15&I15&J15&K15&L15&M15&N15 -> R-96 | P15: {=IFERROR(LEFT($O15,FIND("-",$O15)-1) & SUBSTITUTE($O15,LEFT($O15,FIND("-",$O15)-1) &"-","") & ":" & LEFT($O15,FIND("-",$O15)-1) & SUBSTITUTE($O15,LEFT($O15,FIND("-",$O15)-1) &"-","")+misLíneas-3,"")} -> R96:R103
A16: =IFERROR(IF(Datos!$A16="","",Idiomas!$A$12&" "&ROW()-1),"") -> Tarea 15 | B16: =IFERROR(MATCH(Datos!$A16,Configura!$B$9:$B$18,0),0) -> 4 | C16: =IFERROR(MATCH(Datos!$B16,Configura!$D$9:$D$11,0),0) -> 2 | D16: {=IF(AND(Datos!$A16<>"", OR(miCriticidad="",miCriticidad=$C16), OR(miAsignado="",miAsignado=Datos!$J16), OR(miFechaInicio="",Datos!$E16="",Datos!$E16>=miFechaInicio), OR(miTexto="",IFERROR(SEARCH(miTexto,Datos!$C16),0)>0,IFERROR(SEARCH(miTexto,Datos!$D16),0)>0), OR(miRetraso="",IFERROR(--LEFT(Datos!$I16,FIND(" ",Datos!$I16)-1),0)>miRetraso), OR(miDuración="",IFERROR(--LEFT(Datos!$H16,FIND(" ",Datos!$H16)-1),0)>miDuración)), 1,0)} -> 1 | E16: =IFERROR(E$1&"-"&MATCH($A16&":",INDIRECT("KANBAN!"&E$1&":"&E$1),0),"") | F16: =IFERROR(F$1&"-"&MATCH($A16&":",INDIRECT("KANBAN!"&F$1&":"&F$1),0),"") | G16: =IFERROR(G$1&"-"&MATCH($A16&":",INDIRECT("KANBAN!"&G$1&":"&G$1),0),"") | H16: =IFERROR(H$1&"-"&MATCH($A16&":",INDIRECT("KANBAN!"&H$1&":"&H$1),0),"") -> R-87 | I16: =IFERROR(I$1&"-"&MATCH($A16&":",INDIRECT("KANBAN!"&I$1&":"&I$1),0),"") | J16: =IFERROR(J$1&"-"&MATCH($A16&":",INDIRECT("KANBAN!"&J$1&":"&J$1),0),"") | K16: =IFERROR(K$1&"-"&MATCH($A16&":",INDIRECT("KANBAN!"&K$1&":"&K$1),0),"") | L16: =IFERROR(L$1&"-"&MATCH($A16&":",INDIRECT("KANBAN!"&L$1&":"&L$1),0),"") | ... N16: =IFERROR(N$1&"-"&MATCH($A16&":",INDIRECT("KANBAN!"&N$1&":"&N$1),0),"") | O16: =E16&F16&G16&H16&I16&J16&K16&L16&M16&N16 -> R-87 | P16: {=IFERROR(LEFT($O16,FIND("-",$O16)-1) & SUBSTITUTE($O16,LEFT($O16,FIND("-",$O16)-1) &"-","") & ":" & LEFT($O16,FIND("-",$O16)-1) & SUBSTITUTE($O16,LEFT($O16,FIND("-",$O16)-1) &"-","")+misLíneas-3,"")} -> R87:R94
A17: =IFERROR(IF(Datos!$A17="","",Idiomas!$A$12&" "&ROW()-1),"") -> Tarea 16 | B17: =IFERROR(MATCH(Datos!$A17,Configura!$B$9:$B$18,0),0) -> 4 | C17: =IFERROR(MATCH(Datos!$B17,Configura!$D$9:$D$11,0),0) -> 2 | D17: {=IF(AND(Datos!$A17<>"", OR(miCriticidad="",miCriticidad=$C17), OR(miAsignado="",miAsignado=Datos!$J17), OR(miFechaInicio="",Datos!$E17="",Datos!$E17>=miFechaInicio), OR(miTexto="",IFERROR(SEARCH(miTexto,Datos!$C17),0)>0,IFERROR(SEARCH(miTexto,Datos!$D17),0)>0), OR(miRetraso="",IFERROR(--LEFT(Datos!$I17,FIND(" ",Datos!$I17)-1),0)>miRetraso), OR(miDuración="",IFERROR(--LEFT(Datos!$H17,FIND(" ",Datos!$H17)-1),0)>miDuración)), 1,0)} -> 1 | E17: =IFERROR(E$1&"-"&MATCH($A17&":",INDIRECT("KANBAN!"&E$1&":"&E$1),0),"") | F17: =IFERROR(F$1&"-"&MATCH($A17&":",INDIRECT("KANBAN!"&F$1&":"&F$1),0),"") | G17: =IFERROR(G$1&"-"&MATCH($A17&":",INDIRECT("KANBAN!"&G$1&":"&G$1),0),"") | H17: =IFERROR(H$1&"-"&MATCH($A17&":",INDIRECT("KANBAN!"&H$1&":"&H$1),0),"") -> R-78 | I17: =IFERROR(I$1&"-"&MATCH($A17&":",INDIRECT("KANBAN!"&I$1&":"&I$1),0),"") | J17: =IFERROR(J$1&"-"&MATCH($A17&":",INDIRECT("KANBAN!"&J$1&":"&J$1),0),"") | K17: =IFERROR(K$1&"-"&MATCH($A17&":",INDIRECT("KANBAN!"&K$1&":"&K$1),0),"") | L17: =IFERROR(L$1&"-"&MATCH($A17&":",INDIRECT("KANBAN!"&L$1&":"&L$1),0),"") | ... N17: =IFERROR(N$1&"-"&MATCH($A17&":",INDIRECT("KANBAN!"&N$1&":"&N$1),0),"") | O17: =E17&F17&G17&H17&I17&J17&K17&L17&M17&N17 -> R-78 | P17: {=IFERROR(LEFT($O17,FIND("-",$O17)-1) & SUBSTITUTE($O17,LEFT($O17,FIND("-",$O17)-1) &"-","") & ":" & LEFT($O17,FIND("-",$O17)-1) & SUBSTITUTE($O17,LEFT($O17,FIND("-",$O17)-1) &"-","")+misLíneas-3,"")} -> R78:R85
... A28: =IFERROR(IF(Datos!$A28="","",Idiomas!$A$12&" "&ROW()-1),"") -> Tarea 27 | B28: =IFERROR(MATCH(Datos!$A28,Configura!$B$9:$B$18,0),0) -> 1 | C28: =IFERROR(MATCH(Datos!$B28,Configura!$D$9:$D$11,0),0) -> 2 | D28: {=IF(AND(Datos!$A28<>"", OR(miCriticidad="",miCriticidad=$C28), OR(miAsignado="",miAsignado=Datos!$J28), OR(miFechaInicio="",Datos!$E28="",Datos!$E28>=miFechaInicio), OR(miTexto="",IFERROR(SEARCH(miTexto,Datos!$C28),0)>0,IFERROR(SEARCH(miTexto,Datos!$D28),0)>0), OR(miRetraso="",IFERROR(--LEFT(Datos!$I28,FIND(" ",Datos!$I28)-1),0)>miRetraso), OR(miDuración="",IFERROR(--LEFT(Datos!$H28,FIND(" ",Datos!$H28)-1),0)>miDuración)), 1,0)} -> 1 | E28: =IFERROR(E$1&"-"&MATCH($A28&":",INDIRECT("KANBAN!"&E$1&":"&E$1),0),"") -> C-24 | F28: =IFERROR(F$1&"-"&MATCH($A28&":",INDIRECT("KANBAN!"&F$1&":"&F$1),0),"") | G28: =IFERROR(G$1&"-"&MATCH($A28&":",INDIRECT("KANBAN!"&G$1&":"&G$1),0),"") | H28: =IFERROR(H$1&"-"&MATCH($A28&":",INDIRECT("KANBAN!"&H$1&":"&H$1),0),"") | I28: =IFERROR(I$1&"-"&MATCH($A28&":",INDIRECT("KANBAN!"&I$1&":"&I$1),0),"") | J28: =IFERROR(J$1&"-"&MATCH($A28&":",INDIRECT("KANBAN!"&J$1&":"&J$1),0),"") | K28: =IFERROR(K$1&"-"&MATCH($A28&":",INDIRECT("KANBAN!"&K$1&":"&K$1),0),"") | L28: =IFERROR(L$1&"-"&MATCH($A28&":",INDIRECT("KANBAN!"&L$1&":"&L$1),0),"") | ... N28: =IFERROR(N$1&"-"&MATCH($A28&":",INDIRECT("KANBAN!"&N$1&":"&N$1),0),"") | O28: =E28&F28&G28&H28&I28&J28&K28&L28&M28&N28 -> C-24 | P28: {=IFERROR(LEFT($O28,FIND("-",$O28)-1) & SUBSTITUTE($O28,LEFT($O28,FIND("-",$O28)-1) &"-","") & ":" & LEFT($O28,FIND("-",$O28)-1) & SUBSTITUTE($O28,LEFT($O28,FIND("-",$O28)-1) &"-","")+misLíneas-3,"")} -> C24:C31
A29: =IFERROR(IF(Datos!$A29="","",Idiomas!$A$12&" "&ROW()-1),"") -> Tarea 28 | B29: =IFERROR(MATCH(Datos!$A29,Configura!$B$9:$B$18,0),0) -> 1 | C29: =IFERROR(MATCH(Datos!$B29,Configura!$D$9:$D$11,0),0) -> 2 | D29: {=IF(AND(Datos!$A29<>"", OR(miCriticidad="",miCriticidad=$C29), OR(miAsignado="",miAsignado=Datos!$J29), OR(miFechaInicio="",Datos!$E29="",Datos!$E29>=miFechaInicio), OR(miTexto="",IFERROR(SEARCH(miTexto,Datos!$C30),0)>0,IFERROR(SEARCH(miTexto,Datos!$D30),0)>0), OR(miRetraso="",IFERROR(--LEFT(Datos!$I29,FIND(" ",Datos!$I29)-1),0)>miRetraso), OR(miDuración="",IFERROR(--LEFT(Datos!$H29,FIND(" ",Datos!$H29)-1),0)>miDuración)), 1,0)} -> 1 | E29: =IFERROR(E$1&"-"&MATCH($A29&":",INDIRECT("KANBAN!"&E$1&":"&E$1),0),"") -> C-15 | F29: =IFERROR(F$1&"-"&MATCH($A29&":",INDIRECT("KANBAN!"&F$1&":"&F$1),0),"") | G29: =IFERROR(G$1&"-"&MATCH($A29&":",INDIRECT("KANBAN!"&G$1&":"&G$1),0),"") | H29: =IFERROR(H$1&"-"&MATCH($A29&":",INDIRECT("KANBAN!"&H$1&":"&H$1),0),"") | I29: =IFERROR(I$1&"-"&MATCH($A29&":",INDIRECT("KANBAN!"&I$1&":"&I$1),0),"") | J29: =IFERROR(J$1&"-"&MATCH($A29&":",INDIRECT("KANBAN!"&J$1&":"&J$1),0),"") | K29: =IFERROR(K$1&"-"&MATCH($A29&":",INDIRECT("KANBAN!"&K$1&":"&K$1),0),"") | L29: =IFERROR(L$1&"-"&MATCH($A29&":",INDIRECT("KANBAN!"&L$1&":"&L$1),0),"") | ... N29: =IFERROR(N$1&"-"&MATCH($A29&":",INDIRECT("KANBAN!"&N$1&":"&N$1),0),"") | O29: =E29&F29&G29&H29&I29&J29&K29&L29&M29&N29 -> C-15 | P29: {=IFERROR(LEFT($O29,FIND("-",$O29)-1) & SUBSTITUTE($O29,LEFT($O29,FIND("-",$O29)-1) &"-","") & ":" & LEFT($O29,FIND("-",$O29)-1) & SUBSTITUTE($O29,LEFT($O29,FIND("-",$O29)-1) &"-","")+misLíneas-3,"")} -> C15:C22
A30: =IFERROR(IF(Datos!$A30="","",Idiomas!$A$12&" "&ROW()-1),"") -> Tarea 29 | B30: =IFERROR(MATCH(Datos!$A30,Configura!$B$9:$B$18,0),0) -> 1 | C30: =IFERROR(MATCH(Datos!$B30,Configura!$D$9:$D$11,0),0) -> 2 | D30: {=IF(AND(Datos!$A30<>"", OR(miCriticidad="",miCriticidad=$C30), OR(miAsignado="",miAsignado=Datos!$J30), OR(miFechaInicio="",Datos!$E30="",Datos!$E30>=miFechaInicio), OR(miTexto="",IFERROR(SEARCH(miTexto,Datos!#REF!),0)>0,IFERROR(SEARCH(miTexto,Datos!#REF!),0)>0), OR(miRetraso="",IFERROR(--LEFT(Datos!$I30,FIND(" ",Datos!$I30)-1),0)>miRetraso), OR(miDuración="",IFERROR(--LEFT(Datos!$H30,FIND(" ",Datos!$H30)-1),0)>miDuración)), 1,0)} -> 1 | E30: =IFERROR(E$1&"-"&MATCH($A30&":",INDIRECT("KANBAN!"&E$1&":"&E$1),0),"") -> C-6 | F30: =IFERROR(F$1&"-"&MATCH($A30&":",INDIRECT("KANBAN!"&F$1&":"&F$1),0),"") | G30: =IFERROR(G$1&"-"&MATCH($A30&":",INDIRECT("KANBAN!"&G$1&":"&G$1),0),"") | H30: =IFERROR(H$1&"-"&MATCH($A30&":",INDIRECT("KANBAN!"&H$1&":"&H$1),0),"") | I30: =IFERROR(I$1&"-"&MATCH($A30&":",INDIRECT("KANBAN!"&I$1&":"&I$1),0),"") | J30: =IFERROR(J$1&"-"&MATCH($A30&":",INDIRECT("KANBAN!"&J$1&":"&J$1),0),"") | K30: =IFERROR(K$1&"-"&MATCH($A30&":",INDIRECT("KANBAN!"&K$1&":"&K$1),0),"") | L30: =IFERROR(L$1&"-"&MATCH($A30&":",INDIRECT("KANBAN!"&L$1&":"&L$1),0),"") | ... N30: =IFERROR(N$1&"-"&MATCH($A30&":",INDIRECT("KANBAN!"&N$1&":"&N$1),0),"") | O30: =E30&F30&G30&H30&I30&J30&K30&L30&M30&N30 -> C-6 | P30: {=IFERROR(LEFT($O30,FIND("-",$O30)-1) & SUBSTITUTE($O30,LEFT($O30,FIND("-",$O30)-1) &"-","") & ":" & LEFT($O30,FIND("-",$O30)-1) & SUBSTITUTE($O30,LEFT($O30,FIND("-",$O30)-1) &"-","")+misLíneas-3,"")} -> C6:C13
A31: =IFERROR(IF(Datos!$A31="","",Idiomas!$A$12&" "&ROW()-1),"") -> Tarea 30 | B31: =IFERROR(MATCH(Datos!$A31,Configura!$B$9:$B$18,0),0) -> 3 | C31: =IFERROR(MATCH(Datos!$B31,Configura!$D$9:$D$11,0),0) -> 1 | D31: {=IF(AND(Datos!$A31<>"", OR(miCriticidad="",miCriticidad=$C31), OR(miAsignado="",miAsignado=Datos!$J31), OR(miFechaInicio="",Datos!$E31="",Datos!$E31>=miFechaInicio), OR(miTexto="",IFERROR(SEARCH(miTexto,Datos!$C31),0)>0,IFERROR(SEARCH(miTexto,Datos!$D31),0)>0), OR(miRetraso="",IFERROR(--LEFT(Datos!$I31,FIND(" ",Datos!$I31)-1),0)>miRetraso), OR(miDuración="",IFERROR(--LEFT(Datos!$H31,FIND(" ",Datos!$H31)-1),0)>miDuración)), 1,0)} -> 1 | E31: =IFERROR(E$1&"-"&MATCH($A31&":",INDIRECT("KANBAN!"&E$1&":"&E$1),0),"") | F31: =IFERROR(F$1&"-"&MATCH($A31&":",INDIRECT("KANBAN!"&F$1&":"&F$1),0),"") | G31: =IFERROR(G$1&"-"&MATCH($A31&":",INDIRECT("KANBAN!"&G$1&":"&G$1),0),"") -> M-6 | H31: =IFERROR(H$1&"-"&MATCH($A31&":",INDIRECT("KANBAN!"&H$1&":"&H$1),0),"") | I31: =IFERROR(I$1&"-"&MATCH($A31&":",INDIRECT("KANBAN!"&I$1&":"&I$1),0),"") | J31: =IFERROR(J$1&"-"&MATCH($A31&":",INDIRECT("KANBAN!"&J$1&":"&J$1),0),"") | K31: =IFERROR(K$1&"-"&MATCH($A31&":",INDIRECT("KANBAN!"&K$1&":"&K$1),0),"") | L31: =IFERROR(L$1&"-"&MATCH($A31&":",INDIRECT("KANBAN!"&L$1&":"&L$1),0),"") | ... N31: =IFERROR(N$1&"-"&MATCH($A31&":",INDIRECT("KANBAN!"&N$1&":"&N$1),0),"") | O31: =E31&F31&G31&H31&I31&J31&K31&L31&M31&N31 -> M-6 | P31: {=IFERROR(LEFT($O31,FIND("-",$O31)-1) & SUBSTITUTE($O31,LEFT($O31,FIND("-",$O31)-1) &"-","") & ":" & LEFT($O31,FIND("-",$O31)-1) & SUBSTITUTE($O31,LEFT($O31,FIND("-",$O31)-1) &"-","")+misLíneas-3,"")} -> M6:M13
A32: =IFERROR(IF(Datos!$A32="","",Idiomas!$A$12&" "&ROW()-1),"") | B32: =IFERROR(MATCH(Datos!$A32,Configura!$B$9:$B$18,0),0) -> 0 | C32: =IFERROR(MATCH(Datos!$B32,Configura!$D$9:$D$11,0),0) -> 0 | D32: {=IF(AND(Datos!$A32<>"", OR(miCriticidad="",miCriticidad=$C32), OR(miAsignado="",miAsignado=Datos!$J32), OR(miFechaInicio="",Datos!$E32="",Datos!$E32>=miFechaInicio), OR(miTexto="",IFERROR(SEARCH(miTexto,Datos!$C32),0)>0,IFERROR(SEARCH(miTexto,Datos!$D32),0)>0), OR(miRetraso="",IFERROR(--LEFT(Datos!$I32,FIND(" ",Datos!$I32)-1),0)>miRetraso), OR(miDuración="",IFERROR(--LEFT(Datos!$H32,FIND(" ",Datos!$H32)-1),0)>miDuración)), 1,0)} -> 0 | E32: =IFERROR(E$1&"-"&MATCH($A32&":",INDIRECT("KANBAN!"&E$1&":"&E$1),0),"") | F32: =IFERROR(F$1&"-"&MATCH($A32&":",INDIRECT("KANBAN!"&F$1&":"&F$1),0),"") | G32: =IFERROR(G$1&"-"&MATCH($A32&":",INDIRECT("KANBAN!"&G$1&":"&G$1),0),"") | H32: =IFERROR(H$1&"-"&MATCH($A32&":",INDIRECT("KANBAN!"&H$1&":"&H$1),0),"") | I32: =IFERROR(I$1&"-"&MATCH($A32&":",INDIRECT("KANBAN!"&I$1&":"&I$1),0),"") | J32: =IFERROR(J$1&"-"&MATCH($A32&":",INDIRECT("KANBAN!"&J$1&":"&J$1),0),"") | K32: =IFERROR(K$1&"-"&MATCH($A32&":",INDIRECT("KANBAN!"&K$1&":"&K$1),0),"") | L32: =IFERROR(L$1&"-"&MATCH($A32&":",INDIRECT("KANBAN!"&L$1&":"&L$1),0),"") | ... N32: =IFERROR(N$1&"-"&MATCH($A32&":",INDIRECT("KANBAN!"&N$1&":"&N$1),0),"") | O32: =E32&F32&G32&H32&I32&J32&K32&L32&M32&N32 | P32: {=IFERROR(LEFT($O32,FIND("-",$O32)-1) & SUBSTITUTE($O32,LEFT($O32,FIND("-",$O32)-1) &"-","") & ":" & LEFT($O32,FIND("-",$O32)-1) & SUBSTITUTE($O32,LEFT($O32,FIND("-",$O32)-1) &"-","")+misLíneas-3,"")}
A33: =IFERROR(IF(Datos!$A33="","",Idiomas!$A$12&" "&ROW()-1),"") | B33: =IFERROR(MATCH(Datos!$A33,Configura!$B$9:$B$18,0),0) -> 0 | C33: =IFERROR(MATCH(Datos!$B33,Configura!$D$9:$D$11,0),0) -> 0 | D33: {=IF(AND(Datos!$A33<>"", OR(miCriticidad="",miCriticidad=$C33), OR(miAsignado="",miAsignado=Datos!$J33), OR(miFechaInicio="",Datos!$E33="",Datos!$E33>=miFechaInicio), OR(miTexto="",IFERROR(SEARCH(miTexto,Datos!$C33),0)>0,IFERROR(SEARCH(miTexto,Datos!$D33),0)>0), OR(miRetraso="",IFERROR(--LEFT(Datos!$I33,FIND(" ",Datos!$I33)-1),0)>miRetraso), OR(miDuración="",IFERROR(--LEFT(Datos!$H33,FIND(" ",Datos!$H33)-1),0)>miDuración)), 1,0)} -> 0 | E33: =IFERROR(E$1&"-"&MATCH($A33&":",INDIRECT("KANBAN!"&E$1&":"&E$1),0),"") | F33: =IFERROR(F$1&"-"&MATCH($A33&":",INDIRECT("KANBAN!"&F$1&":"&F$1),0),"") | G33: =IFERROR(G$1&"-"&MATCH($A33&":",INDIRECT("KANBAN!"&G$1&":"&G$1),0),"") | H33: =IFERROR(H$1&"-"&MATCH($A33&":",INDIRECT("KANBAN!"&H$1&":"&H$1),0),"") | I33: =IFERROR(I$1&"-"&MATCH($A33&":",INDIRECT("KANBAN!"&I$1&":"&I$1),0),"") | J33: =IFERROR(J$1&"-"&MATCH($A33&":",INDIRECT("KANBAN!"&J$1&":"&J$1),0),"") | K33: =IFERROR(K$1&"-"&MATCH($A33&":",INDIRECT("KANBAN!"&K$1&":"&K$1),0),"") | L33: =IFERROR(L$1&"-"&MATCH($A33&":",INDIRECT("KANBAN!"&L$1&":"&L$1),0),"") | ... N33: =IFERROR(N$1&"-"&MATCH($A33&":",INDIRECT("KANBAN!"&N$1&":"&N$1),0),"") | O33: =E33&F33&G33&H33&I33&J33&K33&L33&M33&N33 | P33: {=IFERROR(LEFT($O33,FIND("-",$O33)-1) & SUBSTITUTE($O33,LEFT($O33,FIND("-",$O33)-1) &"-","") & ":" & LEFT($O33,FIND("-",$O33)-1) & SUBSTITUTE($O33,LEFT($O33,FIND("-",$O33)-1) &"-","")+misLíneas-3,"")}
A34: =IFERROR(IF(Datos!$A34="","",Idiomas!$A$12&" "&ROW()-1),"") | B34: =IFERROR(MATCH(Datos!$A34,Configura!$B$9:$B$18,0),0) -> 0 | C34: =IFERROR(MATCH(Datos!$B34,Configura!$D$9:$D$11,0),0) -> 0 | D34: {=IF(AND(Datos!$A34<>"", OR(miCriticidad="",miCriticidad=$C34), OR(miAsignado="",miAsignado=Datos!$J34), OR(miFechaInicio="",Datos!$E34="",Datos!$E34>=miFechaInicio), OR(miTexto="",IFERROR(SEARCH(miTexto,Datos!$C34),0)>0,IFERROR(SEARCH(miTexto,Datos!$D34),0)>0), OR(miRetraso="",IFERROR(--LEFT(Datos!$I34,FIND(" ",Datos!$I34)-1),0)>miRetraso), OR(miDuración="",IFERROR(--LEFT(Datos!$H34,FIND(" ",Datos!$H34)-1),0)>miDuración)), 1,0)} -> 0 | E34: =IFERROR(E$1&"-"&MATCH($A34&":",INDIRECT("KANBAN!"&E$1&":"&E$1),0),"") | F34: =IFERROR(F$1&"-"&MATCH($A34&":",INDIRECT("KANBAN!"&F$1&":"&F$1),0),"") | G34: =IFERROR(G$1&"-"&MATCH($A34&":",INDIRECT("KANBAN!"&G$1&":"&G$1),0),"") | H34: =IFERROR(H$1&"-"&MATCH($A34&":",INDIRECT("KANBAN!"&H$1&":"&H$1),0),"") | I34: =IFERROR(I$1&"-"&MATCH($A34&":",INDIRECT("KANBAN!"&I$1&":"&I$1),0),"") | J34: =IFERROR(J$1&"-"&MATCH($A34&":",INDIRECT("KANBAN!"&J$1&":"&J$1),0),"") | K34: =IFERROR(K$1&"-"&MATCH($A34&":",INDIRECT("KANBAN!"&K$1&":"&K$1),0),"") | L34: =IFERROR(L$1&"-"&MATCH($A34&":",INDIRECT("KANBAN!"&L$1&":"&L$1),0),"") | ... N34: =IFERROR(N$1&"-"&MATCH($A34&":",INDIRECT("KANBAN!"&N$1&":"&N$1),0),"") | O34: =E34&F34&G34&H34&I34&J34&K34&L34&M34&N34 | P34: {=IFERROR(LEFT($O34,FIND("-",$O34)-1) & SUBSTITUTE($O34,LEFT($O34,FIND("-",$O34)-1) &"-","") & ":" & LEFT($O34,FIND("-",$O34)-1) & SUBSTITUTE($O34,LEFT($O34,FIND("-",$O34)-1) &"-","")+misLíneas-3,"")}
A35: =IFERROR(IF(Datos!$A35="","",Idiomas!$A$12&" "&ROW()-1),"") | B35: =IFERROR(MATCH(Datos!$A35,Configura!$B$9:$B$18,0),0) -> 0 | C35: =IFERROR(MATCH(Datos!$B35,Configura!$D$9:$D$11,0),0) -> 0 | D35: {=IF(AND(Datos!$A35<>"", OR(miCriticidad="",miCriticidad=$C35), OR(miAsignado="",miAsignado=Datos!$J35), OR(miFechaInicio="",Datos!$E35="",Datos!$E35>=miFechaInicio), OR(miTexto="",IFERROR(SEARCH(miTexto,Datos!$C35),0)>0,IFERROR(SEARCH(miTexto,Datos!$D35),0)>0), OR(miRetraso="",IFERROR(--LEFT(Datos!$I35,FIND(" ",Datos!$I35)-1),0)>miRetraso), OR(miDuración="",IFERROR(--LEFT(Datos!$H35,FIND(" ",Datos!$H35)-1),0)>miDuración)), 1,0)} -> 0 | E35: =IFERROR(E$1&"-"&MATCH($A35&":",INDIRECT("KANBAN!"&E$1&":"&E$1),0),"") | F35: =IFERROR(F$1&"-"&MATCH($A35&":",INDIRECT("KANBAN!"&F$1&":"&F$1),0),"") | G35: =IFERROR(G$1&"-"&MATCH($A35&":",INDIRECT("KANBAN!"&G$1&":"&G$1),0),"") | H35: =IFERROR(H$1&"-"&MATCH($A35&":",INDIRECT("KANBAN!"&H$1&":"&H$1),0),"") | I35: =IFERROR(I$1&"-"&MATCH($A35&":",INDIRECT("KANBAN!"&I$1&":"&I$1),0),"") | J35: =IFERROR(J$1&"-"&MATCH($A35&":",INDIRECT("KANBAN!"&J$1&":"&J$1),0),"") | K35: =IFERROR(K$1&"-"&MATCH($A35&":",INDIRECT("KANBAN!"&K$1&":"&K$1),0),"") | L35: =IFERROR(L$1&"-"&MATCH($A35&":",INDIRECT("KANBAN!"&L$1&":"&L$1),0),"") | ... N35: =IFERROR(N$1&"-"&MATCH($A35&":",INDIRECT("KANBAN!"&N$1&":"&N$1),0),"") | O35: =E35&F35&G35&H35&I35&J35&K35&L35&M35&N35 | P35: {=IFERROR(LEFT($O35,FIND("-",$O35)-1) & SUBSTITUTE($O35,LEFT($O35,FIND("-",$O35)-1) &"-","") & ":" & LEFT($O35,FIND("-",$O35)-1) & SUBSTITUTE($O35,LEFT($O35,FIND("-",$O35)-1) &"-","")+misLíneas-3,"")}
A36: =IFERROR(IF(Datos!$A36="","",Idiomas!$A$12&" "&ROW()-1),"") | B36: =IFERROR(MATCH(Datos!$A36,Configura!$B$9:$B$18,0),0) -> 0 | C36: =IFERROR(MATCH(Datos!$B36,Configura!$D$9:$D$11,0),0) -> 0 | D36: {=IF(AND(Datos!$A36<>"", OR(miCriticidad="",miCriticidad=$C36), OR(miAsignado="",miAsignado=Datos!$J36), OR(miFechaInicio="",Datos!$E36="",Datos!$E36>=miFechaInicio), OR(miTexto="",IFERROR(SEARCH(miTexto,Datos!$C36),0)>0,IFERROR(SEARCH(miTexto,Datos!$D36),0)>0), OR(miRetraso="",IFERROR(--LEFT(Datos!$I36,FIND(" ",Datos!$I36)-1),0)>miRetraso), OR(miDuración="",IFERROR(--LEFT(Datos!$H36,FIND(" ",Datos!$H36)-1),0)>miDuración)), 1,0)} -> 0 | E36: =IFERROR(E$1&"-"&MATCH($A36&":",INDIRECT("KANBAN!"&E$1&":"&E$1),0),"") | F36: =IFERROR(F$1&"-"&MATCH($A36&":",INDIRECT("KANBAN!"&F$1&":"&F$1),0),"") | G36: =IFERROR(G$1&"-"&MATCH($A36&":",INDIRECT("KANBAN!"&G$1&":"&G$1),0),"") | H36: =IFERROR(H$1&"-"&MATCH($A36&":",INDIRECT("KANBAN!"&H$1&":"&H$1),0),"") | I36: =IFERROR(I$1&"-"&MATCH($A36&":",INDIRECT("KANBAN!"&I$1&":"&I$1),0),"") | J36: =IFERROR(J$1&"-"&MATCH($A36&":",INDIRECT("KANBAN!"&J$1&":"&J$1),0),"") | K36: =IFERROR(K$1&"-"&MATCH($A36&":",INDIRECT("KANBAN!"&K$1&":"&K$1),0),"") | L36: =IFERROR(L$1&"-"&MATCH($A36&":",INDIRECT("KANBAN!"&L$1&":"&L$1),0),"") | ... N36: =IFERROR(N$1&"-"&MATCH($A36&":",INDIRECT("KANBAN!"&N$1&":"&N$1),0),"") | O36: =E36&F36&G36&H36&I36&J36&K36&L36&M36&N36 | P36: {=IFERROR(LEFT($O36,FIND("-",$O36)-1) & SUBSTITUTE($O36,LEFT($O36,FIND("-",$O36)-1) &"-","") & ":" & LEFT($O36,FIND("-",$O36)-1) & SUBSTITUTE($O36,LEFT($O36,FIND("-",$O36)-1) &"-","")+misLíneas-3,"")}
A37: =IFERROR(IF(Datos!$A37="","",Idiomas!$A$12&" "&ROW()-1),"") | B37: =IFERROR(MATCH(Datos!$A37,Configura!$B$9:$B$18,0),0) -> 0 | C37: =IFERROR(MATCH(Datos!$B37,Configura!$D$9:$D$11,0),0) -> 0 | D37: {=IF(AND(Datos!$A37<>"", OR(miCriticidad="",miCriticidad=$C37), OR(miAsignado="",miAsignado=Datos!$J37), OR(miFechaInicio="",Datos!$E37="",Datos!$E37>=miFechaInicio), OR(miTexto="",IFERROR(SEARCH(miTexto,Datos!$C37),0)>0,IFERROR(SEARCH(miTexto,Datos!$D37),0)>0), OR(miRetraso="",IFERROR(--LEFT(Datos!$I37,FIND(" ",Datos!$I37)-1),0)>miRetraso), OR(miDuración="",IFERROR(--LEFT(Datos!$H37,FIND(" ",Datos!$H37)-1),0)>miDuración)), 1,0)} -> 0 | E37: =IFERROR(E$1&"-"&MATCH($A37&":",INDIRECT("KANBAN!"&E$1&":"&E$1),0),"") | F37: =IFERROR(F$1&"-"&MATCH($A37&":",INDIRECT("KANBAN!"&F$1&":"&F$1),0),"") | G37: =IFERROR(G$1&"-"&MATCH($A37&":",INDIRECT("KANBAN!"&G$1&":"&G$1),0),"") | H37: =IFERROR(H$1&"-"&MATCH($A37&":",INDIRECT("KANBAN!"&H$1&":"&H$1),0),"") | I37: =IFERROR(I$1&"-"&MATCH($A37&":",INDIRECT("KANBAN!"&I$1&":"&I$1),0),"") | J37: =IFERROR(J$1&"-"&MATCH($A37&":",INDIRECT("KANBAN!"&J$1&":"&J$1),0),"") | K37: =IFERROR(K$1&"-"&MATCH($A37&":",INDIRECT("KANBAN!"&K$1&":"&K$1),0),"") | L37: =IFERROR(L$1&"-"&MATCH($A37&":",INDIRECT("KANBAN!"&L$1&":"&L$1),0),"") | ... N37: =IFERROR(N$1&"-"&MATCH($A37&":",INDIRECT("KANBAN!"&N$1&":"&N$1),0),"") | O37: =E37&F37&G37&H37&I37&J37&K37&L37&M37&N37 | P37: {=IFERROR(LEFT($O37,FIND("-",$O37)-1) & SUBSTITUTE($O37,LEFT($O37,FIND("-",$O37)-1) &"-","") & ":" & LEFT($O37,FIND("-",$O37)-1) & SUBSTITUTE($O37,LEFT($O37,FIND("-",$O37)-1) &"-","")+misLíneas-3,"")}
A38: =IFERROR(IF(Datos!$A38="","",Idiomas!$A$12&" "&ROW()-1),"") | B38: =IFERROR(MATCH(Datos!$A38,Configura!$B$9:$B$18,0),0) -> 0 | C38: =IFERROR(MATCH(Datos!$B38,Configura!$D$9:$D$11,0),0) -> 0 | D38: {=IF(AND(Datos!$A38<>"", OR(miCriticidad="",miCriticidad=$C38), OR(miAsignado="",miAsignado=Datos!$J38), OR(miFechaInicio="",Datos!$E38="",Datos!$E38>=miFechaInicio), OR(miTexto="",IFERROR(SEARCH(miTexto,Datos!$C38),0)>0,IFERROR(SEARCH(miTexto,Datos!$D38),0)>0), OR(miRetraso="",IFERROR(--LEFT(Datos!$I38,FIND(" ",Datos!$I38)-1),0)>miRetraso), OR(miDuración="",IFERROR(--LEFT(Datos!$H38,FIND(" ",Datos!$H38)-1),0)>miDuración)), 1,0)} -> 0 | E38: =IFERROR(E$1&"-"&MATCH($A38&":",INDIRECT("KANBAN!"&E$1&":"&E$1),0),"") | F38: =IFERROR(F$1&"-"&MATCH($A38&":",INDIRECT("KANBAN!"&F$1&":"&F$1),0),"") | G38: =IFERROR(G$1&"-"&MATCH($A38&":",INDIRECT("KANBAN!"&G$1&":"&G$1),0),"") | H38: =IFERROR(H$1&"-"&MATCH($A38&":",INDIRECT("KANBAN!"&H$1&":"&H$1),0),"") | I38: =IFERROR(I$1&"-"&MATCH($A38&":",INDIRECT("KANBAN!"&I$1&":"&I$1),0),"") | J38: =IFERROR(J$1&"-"&MATCH($A38&":",INDIRECT("KANBAN!"&J$1&":"&J$1),0),"") | K38: =IFERROR(K$1&"-"&MATCH($A38&":",INDIRECT("KANBAN!"&K$1&":"&K$1),0),"") | L38: =IFERROR(L$1&"-"&MATCH($A38&":",INDIRECT("KANBAN!"&L$1&":"&L$1),0),"") | ... N38: =IFERROR(N$1&"-"&MATCH($A38&":",INDIRECT("KANBAN!"&N$1&":"&N$1),0),"") | O38: =E38&F38&G38&H38&I38&J38&K38&L38&M38&N38 | P38: {=IFERROR(LEFT($O38,FIND("-",$O38)-1) & SUBSTITUTE($O38,LEFT($O38,FIND("-",$O38)-1) &"-","") & ":" & LEFT($O38,FIND("-",$O38)-1) & SUBSTITUTE($O38,LEFT($O38,FIND("-",$O38)-1) &"-","")+misLíneas-3,"")}
A39: =IFERROR(IF(Datos!$A39="","",Idiomas!$A$12&" "&ROW()-1),"") | B39: =IFERROR(MATCH(Datos!$A39,Configura!$B$9:$B$18,0),0) -> 0 | C39: =IFERROR(MATCH(Datos!$B39,Configura!$D$9:$D$11,0),0) -> 0 | D39: {=IF(AND(Datos!$A39<>"", OR(miCriticidad="",miCriticidad=$C39), OR(miAsignado="",miAsignado=Datos!$J39), OR(miFechaInicio="",Datos!$E39="",Datos!$E39>=miFechaInicio), OR(miTexto="",IFERROR(SEARCH(miTexto,Datos!$C39),0)>0,IFERROR(SEARCH(miTexto,Datos!$D39),0)>0), OR(miRetraso="",IFERROR(--LEFT(Datos!$I39,FIND(" ",Datos!$I39)-1),0)>miRetraso), OR(miDuración="",IFERROR(--LEFT(Datos!$H39,FIND(" ",Datos!$H39)-1),0)>miDuración)), 1,0)} -> 0 | E39: =IFERROR(E$1&"-"&MATCH($A39&":",INDIRECT("KANBAN!"&E$1&":"&E$1),0),"") | F39: =IFERROR(F$1&"-"&MATCH($A39&":",INDIRECT("KANBAN!"&F$1&":"&F$1),0),"") | G39: =IFERROR(G$1&"-"&MATCH($A39&":",INDIRECT("KANBAN!"&G$1&":"&G$1),0),"") | H39: =IFERROR(H$1&"-"&MATCH($A39&":",INDIRECT("KANBAN!"&H$1&":"&H$1),0),"") | I39: =IFERROR(I$1&"-"&MATCH($A39&":",INDIRECT("KANBAN!"&I$1&":"&I$1),0),"") | J39: =IFERROR(J$1&"-"&MATCH($A39&":",INDIRECT("KANBAN!"&J$1&":"&J$1),0),"") | K39: =IFERROR(K$1&"-"&MATCH($A39&":",INDIRECT("KANBAN!"&K$1&":"&K$1),0),"") | L39: =IFERROR(L$1&"-"&MATCH($A39&":",INDIRECT("KANBAN!"&L$1&":"&L$1),0),"") | ... N39: =IFERROR(N$1&"-"&MATCH($A39&":",INDIRECT("KANBAN!"&N$1&":"&N$1),0),"") | O39: =E39&F39&G39&H39&I39&J39&K39&L39&M39&N39 | P39: {=IFERROR(LEFT($O39,FIND("-",$O39)-1) & SUBSTITUTE($O39,LEFT($O39,FIND("-",$O39)-1) &"-","") & ":" & LEFT($O39,FIND("-",$O39)-1) & SUBSTITUTE($O39,LEFT($O39,FIND("-",$O39)-1) &"-","")+misLíneas-3,"")}
A40: =IFERROR(IF(Datos!$A40="","",Idiomas!$A$12&" "&ROW()-1),"") | B40: =IFERROR(MATCH(Datos!$A40,Configura!$B$9:$B$18,0),0) -> 0 | C40: =IFERROR(MATCH(Datos!$B40,Configura!$D$9:$D$11,0),0) -> 0 | D40: {=IF(AND(Datos!$A40<>"", OR(miCriticidad="",miCriticidad=$C40), OR(miAsignado="",miAsignado=Datos!$J40), OR(miFechaInicio="",Datos!$E40="",Datos!$E40>=miFechaInicio), OR(miTexto="",IFERROR(SEARCH(miTexto,Datos!$C40),0)>0,IFERROR(SEARCH(miTexto,Datos!$D40),0)>0), OR(miRetraso="",IFERROR(--LEFT(Datos!$I40,FIND(" ",Datos!$I40)-1),0)>miRetraso), OR(miDuración="",IFERROR(--LEFT(Datos!$H40,FIND(" ",Datos!$H40)-1),0)>miDuración)), 1,0)} -> 0 | E40: =IFERROR(E$1&"-"&MATCH($A40&":",INDIRECT("KANBAN!"&E$1&":"&E$1),0),"") | F40: =IFERROR(F$1&"-"&MATCH($A40&":",INDIRECT("KANBAN!"&F$1&":"&F$1),0),"") | G40: =IFERROR(G$1&"-"&MATCH($A40&":",INDIRECT("KANBAN!"&G$1&":"&G$1),0),"") | H40: =IFERROR(H$1&"-"&MATCH($A40&":",INDIRECT("KANBAN!"&H$1&":"&H$1),0),"") | I40: =IFERROR(I$1&"-"&MATCH($A40&":",INDIRECT("KANBAN!"&I$1&":"&I$1),0),"") | J40: =IFERROR(J$1&"-"&MATCH($A40&":",INDIRECT("KANBAN!"&J$1&":"&J$1),0),"") | K40: =IFERROR(K$1&"-"&MATCH($A40&":",INDIRECT("KANBAN!"&K$1&":"&K$1),0),"") | L40: =IFERROR(L$1&"-"&MATCH($A40&":",INDIRECT("KANBAN!"&L$1&":"&L$1),0),"") | ... N40: =IFERROR(N$1&"-"&MATCH($A40&":",INDIRECT("KANBAN!"&N$1&":"&N$1),0),"") | O40: =E40&F40&G40&H40&I40&J40&K40&L40&M40&N40 | P40: {=IFERROR(LEFT($O40,FIND("-",$O40)-1) & SUBSTITUTE($O40,LEFT($O40,FIND("-",$O40)-1) &"-","") & ":" & LEFT($O40,FIND("-",$O40)-1) & SUBSTITUTE($O40,LEFT($O40,FIND("-",$O40)-1) &"-","")+misLíneas-3,"")}
A41: =IFERROR(IF(Datos!$A41="","",Idiomas!$A$12&" "&ROW()-1),"") | B41: =IFERROR(MATCH(Datos!$A41,Configura!$B$9:$B$18,0),0) -> 0 | C41: =IFERROR(MATCH(Datos!$B41,Configura!$D$9:$D$11,0),0) -> 0 | D41: {=IF(AND(Datos!$A41<>"", OR(miCriticidad="",miCriticidad=$C41), OR(miAsignado="",miAsignado=Datos!$J41), OR(miFechaInicio="",Datos!$E41="",Datos!$E41>=miFechaInicio), OR(miTexto="",IFERROR(SEARCH(miTexto,Datos!$C41),0)>0,IFERROR(SEARCH(miTexto,Datos!$D41),0)>0), OR(miRetraso="",IFERROR(--LEFT(Datos!$I41,FIND(" ",Datos!$I41)-1),0)>miRetraso), OR(miDuración="",IFERROR(--LEFT(Datos!$H41,FIND(" ",Datos!$H41)-1),0)>miDuración)), 1,0)} -> 0 | E41: =IFERROR(E$1&"-"&MATCH($A41&":",INDIRECT("KANBAN!"&E$1&":"&E$1),0),"") | F41: =IFERROR(F$1&"-"&MATCH($A41&":",INDIRECT("KANBAN!"&F$1&":"&F$1),0),"") | G41: =IFERROR(G$1&"-"&MATCH($A41&":",INDIRECT("KANBAN!"&G$1&":"&G$1),0),"") | H41: =IFERROR(H$1&"-"&MATCH($A41&":",INDIRECT("KANBAN!"&H$1&":"&H$1),0),"") | I41: =IFERROR(I$1&"-"&MATCH($A41&":",INDIRECT("KANBAN!"&I$1&":"&I$1),0),"") | J41: =IFERROR(J$1&"-"&MATCH($A41&":",INDIRECT("KANBAN!"&J$1&":"&J$1),0),"") | K41: =IFERROR(K$1&"-"&MATCH($A41&":",INDIRECT("KANBAN!"&K$1&":"&K$1),0),"") | L41: =IFERROR(L$1&"-"&MATCH($A41&":",INDIRECT("KANBAN!"&L$1&":"&L$1),0),"") | ... N41: =IFERROR(N$1&"-"&MATCH($A41&":",INDIRECT("KANBAN!"&N$1&":"&N$1),0),"") | O41: =E41&F41&G41&H41&I41&J41&K41&L41&M41&N41 | P41: {=IFERROR(LEFT($O41,FIND("-",$O41)-1) & SUBSTITUTE($O41,LEFT($O41,FIND("-",$O41)-1) &"-","") & ":" & LEFT($O41,FIND("-",$O41)-1) & SUBSTITUTE($O41,LEFT($O41,FIND("-",$O41)-1) &"-","")+misLíneas-3,"")}
A42: =IFERROR(IF(Datos!$A42="","",Idiomas!$A$12&" "&ROW()-1),"") | B42: =IFERROR(MATCH(Datos!$A42,Configura!$B$9:$B$18,0),0) -> 0 | C42: =IFERROR(MATCH(Datos!$B42,Configura!$D$9:$D$11,0),0) -> 0 | D42: {=IF(AND(Datos!$A42<>"", OR(miCriticidad="",miCriticidad=$C42), OR(miAsignado="",miAsignado=Datos!$J42), OR(miFechaInicio="",Datos!$E42="",Datos!$E42>=miFechaInicio), OR(miTexto="",IFERROR(SEARCH(miTexto,Datos!$C42),0)>0,IFERROR(SEARCH(miTexto,Datos!$D42),0)>0), OR(miRetraso="",IFERROR(--LEFT(Datos!$I42,FIND(" ",Datos!$I42)-1),0)>miRetraso), OR(miDuración="",IFERROR(--LEFT(Datos!$H42,FIND(" ",Datos!$H42)-1),0)>miDuración)), 1,0)} -> 0 | E42: =IFERROR(E$1&"-"&MATCH($A42&":",INDIRECT("KANBAN!"&E$1&":"&E$1),0),"") | F42: =IFERROR(F$1&"-"&MATCH($A42&":",INDIRECT("KANBAN!"&F$1&":"&F$1),0),"") | G42: =IFERROR(G$1&"-"&MATCH($A42&":",INDIRECT("KANBAN!"&G$1&":"&G$1),0),"") | H42: =IFERROR(H$1&"-"&MATCH($A42&":",INDIRECT("KANBAN!"&H$1&":"&H$1),0),"") | I42: =IFERROR(I$1&"-"&MATCH($A42&":",INDIRECT("KANBAN!"&I$1&":"&I$1),0),"") | J42: =IFERROR(J$1&"-"&MATCH($A42&":",INDIRECT("KANBAN!"&J$1&":"&J$1),0),"") | K42: =IFERROR(K$1&"-"&MATCH($A42&":",INDIRECT("KANBAN!"&K$1&":"&K$1),0),"") | L42: =IFERROR(L$1&"-"&MATCH($A42&":",INDIRECT("KANBAN!"&L$1&":"&L$1),0),"") | ... N42: =IFERROR(N$1&"-"&MATCH($A42&":",INDIRECT("KANBAN!"&N$1&":"&N$1),0),"") | O42: =E42&F42&G42&H42&I42&J42&K42&L42&M42&N42 | P42: {=IFERROR(LEFT($O42,FIND("-",$O42)-1) & SUBSTITUTE($O42,LEFT($O42,FIND("-",$O42)-1) &"-","") & ":" & LEFT($O42,FIND("-",$O42)-1) & SUBSTITUTE($O42,LEFT($O42,FIND("-",$O42)-1) &"-","")+misLíneas-3,"")}
... A101: =IFERROR(IF(Datos!$A101="","",Idiomas!$A$12&" "&ROW()-1),"") | B101: =IFERROR(MATCH(Datos!$A101,Configura!$B$9:$B$18,0),0) -> 0 | C101: =IFERROR(MATCH(Datos!$B101,Configura!$D$9:$D$11,0),0) -> 0 | D101: {=IF(AND(Datos!$A101<>"", OR(miCriticidad="",miCriticidad=$C101), OR(miAsignado="",miAsignado=Datos!$J101), OR(miFechaInicio="",Datos!$E101="",Datos!$E101>=miFechaInicio), OR(miTexto="",IFERROR(SEARCH(miTexto,Datos!$C101),0)>0,IFERROR(SEARCH(miTexto,Datos!$D101),0)>0), OR(miRetraso="",IFERROR(--LEFT(Datos!$I101,FIND(" ",Datos!$I101)-1),0)>miRetraso), OR(miDuración="",IFERROR(--LEFT(Datos!$H101,FIND(" ",Datos!$H101)-1),0)>miDuración)), 1,0)} -> 0 | E101: =IFERROR(E$1&"-"&MATCH($A101&":",INDIRECT("KANBAN!"&E$1&":"&E$1),0),"") | F101: =IFERROR(F$1&"-"&MATCH($A101&":",INDIRECT("KANBAN!"&F$1&":"&F$1),0),"") | G101: =IFERROR(G$1&"-"&MATCH($A101&":",INDIRECT("KANBAN!"&G$1&":"&G$1),0),"") | H101: =IFERROR(H$1&"-"&MATCH($A101&":",INDIRECT("KANBAN!"&H$1&":"&H$1),0),"") | I101: =IFERROR(I$1&"-"&MATCH($A101&":",INDIRECT("KANBAN!"&I$1&":"&I$1),0),"") | J101: =IFERROR(J$1&"-"&MATCH($A101&":",INDIRECT("KANBAN!"&J$1&":"&J$1),0),"") | K101: =IFERROR(K$1&"-"&MATCH($A101&":",INDIRECT("KANBAN!"&K$1&":"&K$1),0),"") | L101: =IFERROR(L$1&"-"&MATCH($A101&":",INDIRECT("KANBAN!"&L$1&":"&L$1),0),"") | ... N101: =IFERROR(N$1&"-"&MATCH($A101&":",INDIRECT("KANBAN!"&N$1&":"&N$1),0),"") | O101: =E101&F101&G101&H101&I101&J101&K101&L101&M101&N101 | P101: {=IFERROR(LEFT($O101,FIND("-",$O101)-1) & SUBSTITUTE($O101,LEFT($O101,FIND("-",$O101)-1) &"-","") & ":" & LEFT($O101,FIND("-",$O101)-1) & SUBSTITUTE($O101,LEFT($O101,FIND("-",$O101)-1) &"-","")+misLíneas-3,"")}

Sheet Formulas
B1: 1 | C1: {=IFERROR(INDEX(Configura!$B$9:$B$18,B1)&"","")} -> POR HACER | F1: =KANBAN!F4 -> ^ | G1: =B1+1 -> 2 | H1: {=IFERROR(INDEX(Configura!$B$9:$B$18,G1)&"","")} -> EN PROGRESO | K1: =KANBAN!K4 -> ^ | L1: =G1+1 -> 3 | M1: {=IFERROR(INDEX(Configura!$B$9:$B$18,L1)&"","")} -> EN ESPERA | P1: =KANBAN!P4 -> ^ | Q1: =L1+1 -> 4 | R1: {=IFERROR(INDEX(Configura!$B$9:$B$18,Q1)&"","")} -> COMPLETADO | U1: =KANBAN!U4 -> ^ | V1: =Q1+1 -> 5 | W1: {=IFERROR(INDEX(Configura!$B$9:$B$18,V1)&"","")} -> ARCHIVADO | Z1: =KANBAN!Z4 -> ^ | AA1: =V1+1 -> 6 | AB1: {=IFERROR(INDEX(Configura!$B$9:$B$18,AA1)&"","")} -> POR HACER | AE1: =KANBAN!AE4 -> ^ | AF1: =AA1+1 -> 7 | AG1: {=IFERROR(INDEX(Configura!$B$9:$B$18,AF1)&"","")} -> EN PROGRESO | AJ1: =KANBAN!AJ4 -> ^ | AK1: =AF1+1 -> 8 | AL1: {=IFERROR(INDEX(Configura!$B$9:$B$18,AK1)&"","")} | AO1: =KANBAN!AO4 -> ^ | AP1: =AK1+1 -> 9 | AQ1: {=IFERROR(INDEX(Configura!$B$9:$B$18,AP1)&"","")} | AT1: =KANBAN!AT4 -> ^ | AU1: =AP1+1 -> 10 | AV1: {=IFERROR(INDEX(Configura!$B$9:$B$18,AU1)&"","")} | AY1: =KANBAN!AY4 -> ^
B2: {=IF((misEstados=B$1)*(misFiltros=1),ROW(misEstados)-1,"")} | C2: 0 | G2: {=IF((misEstados=G$1)*(misFiltros=1),ROW(misEstados)-1,"")} | H2: 0 | L2: {=IF((misEstados=L$1)*(misFiltros=1),ROW(misEstados)-1,"")} | M2: 0 | Q2: {=IF((misEstados=Q$1)*(misFiltros=1),ROW(misEstados)-1,"")} -> 1 | R2: 0 | V2: {=IF((misEstados=V$1)*(misFiltros=1),ROW(misEstados)-1,"")} | W2: 0 | AA2: {=IF((misEstados=AA$1)*(misFiltros=1),ROW(misEstados)-1,"")} | AB2: 0 | AF2: {=IF((misEstados=AF$1)*(misFiltros=1),ROW(misEstados)-1,"")} | AG2: 0 | AK2: {=IF((misEstados=AK$1)*(misFiltros=1),ROW(misEstados)-1,"")} | AL2: 0 | AP2: {=IF((misEstados=AP$1)*(misFiltros=1),ROW(misEstados)-1,"")} | AQ2: 0 | AU2: {=IF((misEstados=AU$1)*(misFiltros=1),ROW(misEstados)-1,"")} | AV2: 0
C3: 1 | D3: =IF(C3>C2,IFERROR(IF(F$1="v",SMALL(B$2:B$101,C3),LARGE(B$2:B$101,C3)),""),D2) -> 29 | E3: {=IF(D3="","",IF(D3<>D2,1,IF(E2=misLíneas-2,0,E2+1)))} -> 1 | F3: {=IF(OR(E3=0,E3=""),"",INDEX(misCriticidades,D3)&"-"&IFERROR(MATCH(E3,miOrdenTarjeta,0),0))} -> 2-1 | H3: 1 | I3: =IF(H3>H2,IFERROR(IF(K$1="v",SMALL(G$2:G$101,H3),LARGE(G$2:G$101,H3)),""),I2) -> 26 | J3: {=IF(I3="","",IF(I3<>I2,1,IF(J2=misLíneas-2,0,J2+1)))} -> 1 | K3: {=IF(OR(J3=0,J3=""),"",INDEX(misCriticidades,I3)&"-"&IFERROR(MATCH(J3,miOrdenTarjeta,0),0))} -> 2-1 | M3: 1 | N3: =IF(M3>M2,IFERROR(IF(P$1="v",SMALL(L$2:L$101,M3),LARGE(L$2:L$101,M3)),""),N2) -> 30 | O3: {=IF(N3="","",IF(N3<>N2,1,IF(O2=misLíneas-2,0,O2+1)))} -> 1 | P3: {=IF(OR(O3=0,O3=""),"",INDEX(misCriticidades,N3)&"-"&IFERROR(MATCH(O3,miOrdenTarjeta,0),0))} -> 1-1 | Q3: 2 | R3: 1 | S3: =IF(R3>R2,IFERROR(IF(U$1="v",SMALL(Q$2:Q$101,R3),LARGE(Q$2:Q$101,R3)),""),S2) -> 24 | T3: {=IF(S3="","",IF(S3<>S2,1,IF(T2=misLíneas-2,0,T2+1)))} -> 1 | U3: {=IF(OR(T3=0,T3=""),"",INDEX(misCriticidades,S3)&"-"&IFERROR(MATCH(T3,miOrdenTarjeta,0),0))} -> 2-1 | W3: 1 | X3: =IF(W3>W2,IFERROR(IF(Z$1="v",SMALL(V$2:V$101,W3),LARGE(V$2:V$101,W3)),""),X2) | Y3: {=IF(X3="","",IF(X3<>X2,1,IF(Y2=misLíneas-2,0,Y2+1)))} | Z3: {=IF(OR(Y3=0,Y3=""),"",INDEX(misCriticidades,X3)&"-"&IFERROR(MATCH(Y3,miOrdenTarjeta,0),0))} | AB3: 1 | AC3: =IF(AB3>AB2,IFERROR(IF(AE$1="v",SMALL(AA$2:AA$101,AB3),LARGE(AA$2:AA$101,AB3)),""),AC2) | AD3: {=IF(AC3="","",IF(AC3<>AC2,1,IF(AD2=misLíneas-2,0,AD2+1)))} | AE3: {=IF(OR(AD3=0,AD3=""),"",INDEX(misCriticidades,AC3)&"-"&IFERROR(MATCH(AD3,miOrdenTarjeta,0),0))} | AG3: 1 | AH3: =IF(AG3>AG2,IFERROR(IF(AJ$1="v",SMALL(AF$2:AF$101,AG3),LARGE(AF$2:AF$101,AG3)),""),AH2) | AI3: {=IF(AH3="","",IF(AH3<>AH2,1,IF(AI2=misLíneas-2,0,AI2+1)))} | AJ3: {=IF(OR(AI3=0,AI3=""),"",INDEX(misCriticidades,AH3)&"-"&IFERROR(MATCH(AI3,miOrdenTarjeta,0),0))} | AL3: 1 | AM3: =IF(AL3>AL2,IFERROR(IF(AO$1="v",SMALL(AK$2:AK$101,AL3),LARGE(AK$2:AK$101,AL3)),""),AM2) | AN3: {=IF(AM3="","",IF(AM3<>AM2,1,IF(AN2=misLíneas-2,0,AN2+1)))} | AO3: {=IF(OR(AN3=0,AN3=""),"",INDEX(misCriticidades,AM3)&"-"&IFERROR(MATCH(AN3,miOrdenTarjeta,0),0))} | AQ3: 1 | AR3: =IF(AQ3>AQ2,IFERROR(IF(AT$1="v",SMALL(AP$2:AP$101,AQ3),LARGE(AP$2:AP$101,AQ3)),""),AR2) | AS3: {=IF(AR3="","",IF(AR3<>AR2,1,IF(AS2=misLíneas-2,0,AS2+1)))} | AT3: {=IF(OR(AS3=0,AS3=""),"",INDEX(misCriticidades,AR3)&"-"&IFERROR(MATCH(AS3,miOrdenTarjeta,0),0))} | AV3: 1 | AW3: =IF(AV3>AV2,IFERROR(IF(AY$1="v",SMALL(AU$2:AU$101,AV3),LARGE(AU$2:AU$101,AV3)),""),AW2) | AX3: {=IF(AW3="","",IF(AW3<>AW2,1,IF(AX2=misLíneas-2,0,AX2+1)))} | AY3: {=IF(OR(AX3=0,AX3=""),"",INDEX(misCriticidades,AW3)&"-"&IFERROR(MATCH(AX3,miOrdenTarjeta,0),0))}
C4: =C3--(E3=0) -> 1 | D4: =IF(C4>C3,IFERROR(IF(F$1="v",SMALL(B$2:B$101,C4),LARGE(B$2:B$101,C4)),""),D3) -> 29 | E4: {=IF(D4="","",IF(D4<>D3,1,IF(E3=misLíneas-2,0,E3+1)))} -> 2 | F4: {=IF(OR(E4=0,E4=""),"",INDEX(misCriticidades,D4)&"-"&IFERROR(MATCH(E4,miOrdenTarjeta,0),0))} -> 2-2 | H4: =H3--(J3=0) -> 1 | I4: =IF(H4>H3,IFERROR(IF(K$1="v",SMALL(G$2:G$101,H4),LARGE(G$2:G$101,H4)),""),I3) -> 26 | J4: {=IF(I4="","",IF(I4<>I3,1,IF(J3=misLíneas-2,0,J3+1)))} -> 2 | K4: {=IF(OR(J4=0,J4=""),"",INDEX(misCriticidades,I4)&"-"&IFERROR(MATCH(J4,miOrdenTarjeta,0),0))} -> 2-2 | M4: =M3--(O3=0) -> 1 | N4: =IF(M4>M3,IFERROR(IF(P$1="v",SMALL(L$2:L$101,M4),LARGE(L$2:L$101,M4)),""),N3) -> 30 | O4: {=IF(N4="","",IF(N4<>N3,1,IF(O3=misLíneas-2,0,O3+1)))} -> 2 | P4: {=IF(OR(O4=0,O4=""),"",INDEX(misCriticidades,N4)&"-"&IFERROR(MATCH(O4,miOrdenTarjeta,0),0))} -> 1-2 | Q4: 3 | R4: =R3--(T3=0) -> 1 | S4: =IF(R4>R3,IFERROR(IF(U$1="v",SMALL(Q$2:Q$101,R4),LARGE(Q$2:Q$101,R4)),""),S3) -> 24 | T4: {=IF(S4="","",IF(S4<>S3,1,IF(T3=misLíneas-2,0,T3+1)))} -> 2 | U4: {=IF(OR(T4=0,T4=""),"",INDEX(misCriticidades,S4)&"-"&IFERROR(MATCH(T4,miOrdenTarjeta,0),0))} -> 2-2 | W4: =W3--(Y3=0) -> 1 | X4: =IF(W4>W3,IFERROR(IF(Z$1="v",SMALL(V$2:V$101,W4),LARGE(V$2:V$101,W4)),""),X3) | Y4: {=IF(X4="","",IF(X4<>X3,1,IF(Y3=misLíneas-2,0,Y3+1)))} | Z4: {=IF(OR(Y4=0,Y4=""),"",INDEX(misCriticidades,X4)&"-"&IFERROR(MATCH(Y4,miOrdenTarjeta,0),0))} | AB4: =AB3--(AD3=0) -> 1 | AC4: =IF(AB4>AB3,IFERROR(IF(AE$1="v",SMALL(AA$2:AA$101,AB4),LARGE(AA$2:AA$101,AB4)),""),AC3) | AD4: {=IF(AC4="","",IF(AC4<>AC3,1,IF(AD3=misLíneas-2,0,AD3+1)))} | AE4: {=IF(OR(AD4=0,AD4=""),"",INDEX(misCriticidades,AC4)&"-"&IFERROR(MATCH(AD4,miOrdenTarjeta,0),0))} | AG4: =AG3--(AI3=0) -> 1 | AH4: =IF(AG4>AG3,IFERROR(IF(AJ$1="v",SMALL(AF$2:AF$101,AG4),LARGE(AF$2:AF$101,AG4)),""),AH3) | AI4: {=IF(AH4="","",IF(AH4<>AH3,1,IF(AI3=misLíneas-2,0,AI3+1)))} | AJ4: {=IF(OR(AI4=0,AI4=""),"",INDEX(misCriticidades,AH4)&"-"&IFERROR(MATCH(AI4,miOrdenTarjeta,0),0))} | AL4: =AL3--(AN3=0) -> 1 | AM4: =IF(AL4>AL3,IFERROR(IF(AO$1="v",SMALL(AK$2:AK$101,AL4),LARGE(AK$2:AK$101,AL4)),""),AM3) | AN4: {=IF(AM4="","",IF(AM4<>AM3,1,IF(AN3=misLíneas-2,0,AN3+1)))} | AO4: {=IF(OR(AN4=0,AN4=""),"",INDEX(misCriticidades,AM4)&"-"&IFERROR(MATCH(AN4,miOrdenTarjeta,0),0))} | AQ4: =AQ3--(AS3=0) -> 1 | AR4: =IF(AQ4>AQ3,IFERROR(IF(AT$1="v",SMALL(AP$2:AP$101,AQ4),LARGE(AP$2:AP$101,AQ4)),""),AR3) | AS4: {=IF(AR4="","",IF(AR4<>AR3,1,IF(AS3=misLíneas-2,0,AS3+1)))} | AT4: {=IF(OR(AS4=0,AS4=""),"",INDEX(misCriticidades,AR4)&"-"&IFERROR(MATCH(AS4,miOrdenTarjeta,0),0))} | AV4: =AV3--(AX3=0) -> 1 | AW4: =IF(AV4>AV3,IFERROR(IF(AY$1="v",SMALL(AU$2:AU$101,AV4),LARGE(AU$2:AU$101,AV4)),""),AW3) | AX4: {=IF(AW4="","",IF(AW4<>AW3,1,IF(AX3=misLíneas-2,0,AX3+1)))} | AY4: {=IF(OR(AX4=0,AX4=""),"",INDEX(misCriticidades,AW4)&"-"&IFERROR(MATCH(AX4,miOrdenTarjeta,0),0))}
C5: =C4--(E4=0) -> 1 | D5: =IF(C5>C4,IFERROR(IF(F$1="v",SMALL(B$2:B$101,C5),LARGE(B$2:B$101,C5)),""),D4) -> 29 | E5: {=IF(D5="","",IF(D5<>D4,1,IF(E4=misLíneas-2,0,E4+1)))} -> 3 | F5: {=IF(OR(E5=0,E5=""),"",INDEX(misCriticidades,D5)&"-"&IFERROR(MATCH(E5,miOrdenTarjeta,0),0))} -> 2-3 | H5: =H4--(J4=0) -> 1 | I5: =IF(H5>H4,IFERROR(IF(K$1="v",SMALL(G$2:G$101,H5),LARGE(G$2:G$101,H5)),""),I4) -> 26 | J5: {=IF(I5="","",IF(I5<>I4,1,IF(J4=misLíneas-2,0,J4+1)))} -> 3 | K5: {=IF(OR(J5=0,J5=""),"",INDEX(misCriticidades,I5)&"-"&IFERROR(MATCH(J5,miOrdenTarjeta,0),0))} -> 2-3 | M5: =M4--(O4=0) -> 1 | N5: =IF(M5>M4,IFERROR(IF(P$1="v",SMALL(L$2:L$101,M5),LARGE(L$2:L$101,M5)),""),N4) -> 30 | O5: {=IF(N5="","",IF(N5<>N4,1,IF(O4=misLíneas-2,0,O4+1)))} -> 3 | P5: {=IF(OR(O5=0,O5=""),"",INDEX(misCriticidades,N5)&"-"&IFERROR(MATCH(O5,miOrdenTarjeta,0),0))} -> 1-3 | Q5: 4 | R5: =R4--(T4=0) -> 1 | S5: =IF(R5>R4,IFERROR(IF(U$1="v",SMALL(Q$2:Q$101,R5),LARGE(Q$2:Q$101,R5)),""),S4) -> 24 | T5: {=IF(S5="","",IF(S5<>S4,1,IF(T4=misLíneas-2,0,T4+1)))} -> 3 | U5: {=IF(OR(T5=0,T5=""),"",INDEX(misCriticidades,S5)&"-"&IFERROR(MATCH(T5,miOrdenTarjeta,0),0))} -> 2-3 | W5: =W4--(Y4=0) -> 1 | X5: =IF(W5>W4,IFERROR(IF(Z$1="v",SMALL(V$2:V$101,W5),LARGE(V$2:V$101,W5)),""),X4) | Y5: {=IF(X5="","",IF(X5<>X4,1,IF(Y4=misLíneas-2,0,Y4+1)))} | Z5: {=IF(OR(Y5=0,Y5=""),"",INDEX(misCriticidades,X5)&"-"&IFERROR(MATCH(Y5,miOrdenTarjeta,0),0))} | AB5: =AB4--(AD4=0) -> 1 | AC5: =IF(AB5>AB4,IFERROR(IF(AE$1="v",SMALL(AA$2:AA$101,AB5),LARGE(AA$2:AA$101,AB5)),""),AC4) | AD5: {=IF(AC5="","",IF(AC5<>AC4,1,IF(AD4=misLíneas-2,0,AD4+1)))} | AE5: {=IF(OR(AD5=0,AD5=""),"",INDEX(misCriticidades,AC5)&"-"&IFERROR(MATCH(AD5,miOrdenTarjeta,0),0))} | AG5: =AG4--(AI4=0) -> 1 | AH5: =IF(AG5>AG4,IFERROR(IF(AJ$1="v",SMALL(AF$2:AF$101,AG5),LARGE(AF$2:AF$101,AG5)),""),AH4) | AI5: {=IF(AH5="","",IF(AH5<>AH4,1,IF(AI4=misLíneas-2,0,AI4+1)))} | AJ5: {=IF(OR(AI5=0,AI5=""),"",INDEX(misCriticidades,AH5)&"-"&IFERROR(MATCH(AI5,miOrdenTarjeta,0),0))} | AL5: =AL4--(AN4=0) -> 1 | AM5: =IF(AL5>AL4,IFERROR(IF(AO$1="v",SMALL(AK$2:AK$101,AL5),LARGE(AK$2:AK$101,AL5)),""),AM4) | AN5: {=IF(AM5="","",IF(AM5<>AM4,1,IF(AN4=misLíneas-2,0,AN4+1)))} | AO5: {=IF(OR(AN5=0,AN5=""),"",INDEX(misCriticidades,AM5)&"-"&IFERROR(MATCH(AN5,miOrdenTarjeta,0),0))} | AQ5: =AQ4--(AS4=0) -> 1 | AR5: =IF(AQ5>AQ4,IFERROR(IF(AT$1="v",SMALL(AP$2:AP$101,AQ5),LARGE(AP$2:AP$101,AQ5)),""),AR4) | AS5: {=IF(AR5="","",IF(AR5<>AR4,1,IF(AS4=misLíneas-2,0,AS4+1)))} | AT5: {=IF(OR(AS5=0,AS5=""),"",INDEX(misCriticidades,AR5)&"-"&IFERROR(MATCH(AS5,miOrdenTarjeta,0),0))} | AV5: =AV4--(AX4=0) -> 1 | AW5: =IF(AV5>AV4,IFERROR(IF(AY$1="v",SMALL(AU$2:AU$101,AV5),LARGE(AU$2:AU$101,AV5)),""),AW4) | AX5: {=IF(AW5="","",IF(AW5<>AW4,1,IF(AX4=misLíneas-2,0,AX4+1)))} | AY5: {=IF(OR(AX5=0,AX5=""),"",INDEX(misCriticidades,AW5)&"-"&IFERROR(MATCH(AX5,miOrdenTarjeta,0),0))}
C6: =C5--(E5=0) -> 1 | D6: =IF(C6>C5,IFERROR(IF(F$1="v",SMALL(B$2:B$101,C6),LARGE(B$2:B$101,C6)),""),D5) -> 29 | E6: {=IF(D6="","",IF(D6<>D5,1,IF(E5=misLíneas-2,0,E5+1)))} -> 4 | F6: {=IF(OR(E6=0,E6=""),"",INDEX(misCriticidades,D6)&"-"&IFERROR(MATCH(E6,miOrdenTarjeta,0),0))} -> 2-4 | H6: =H5--(J5=0) -> 1 | I6: =IF(H6>H5,IFERROR(IF(K$1="v",SMALL(G$2:G$101,H6),LARGE(G$2:G$101,H6)),""),I5) -> 26 | J6: {=IF(I6="","",IF(I6<>I5,1,IF(J5=misLíneas-2,0,J5+1)))} -> 4 | K6: {=IF(OR(J6=0,J6=""),"",INDEX(misCriticidades,I6)&"-"&IFERROR(MATCH(J6,miOrdenTarjeta,0),0))} -> 2-4 | M6: =M5--(O5=0) -> 1 | N6: =IF(M6>M5,IFERROR(IF(P$1="v",SMALL(L$2:L$101,M6),LARGE(L$2:L$101,M6)),""),N5) -> 30 | O6: {=IF(N6="","",IF(N6<>N5,1,IF(O5=misLíneas-2,0,O5+1)))} -> 4 | P6: {=IF(OR(O6=0,O6=""),"",INDEX(misCriticidades,N6)&"-"&IFERROR(MATCH(O6,miOrdenTarjeta,0),0))} -> 1-4 | Q6: 5 | R6: =R5--(T5=0) -> 1 | S6: =IF(R6>R5,IFERROR(IF(U$1="v",SMALL(Q$2:Q$101,R6),LARGE(Q$2:Q$101,R6)),""),S5) -> 24 | T6: {=IF(S6="","",IF(S6<>S5,1,IF(T5=misLíneas-2,0,T5+1)))} -> 4 | U6: {=IF(OR(T6=0,T6=""),"",INDEX(misCriticidades,S6)&"-"&IFERROR(MATCH(T6,miOrdenTarjeta,0),0))} -> 2-4 | W6: =W5--(Y5=0) -> 1 | X6: =IF(W6>W5,IFERROR(IF(Z$1="v",SMALL(V$2:V$101,W6),LARGE(V$2:V$101,W6)),""),X5) | Y6: {=IF(X6="","",IF(X6<>X5,1,IF(Y5=misLíneas-2,0,Y5+1)))} | Z6: {=IF(OR(Y6=0,Y6=""),"",INDEX(misCriticidades,X6)&"-"&IFERROR(MATCH(Y6,miOrdenTarjeta,0),0))} | AB6: =AB5--(AD5=0) -> 1 | AC6: =IF(AB6>AB5,IFERROR(IF(AE$1="v",SMALL(AA$2:AA$101,AB6),LARGE(AA$2:AA$101,AB6)),""),AC5) | AD6: {=IF(AC6="","",IF(AC6<>AC5,1,IF(AD5=misLíneas-2,0,AD5+1)))} | AE6: {=IF(OR(AD6=0,AD6=""),"",INDEX(misCriticidades,AC6)&"-"&IFERROR(MATCH(AD6,miOrdenTarjeta,0),0))} | AG6: =AG5--(AI5=0) -> 1 | AH6: =IF(AG6>AG5,IFERROR(IF(AJ$1="v",SMALL(AF$2:AF$101,AG6),LARGE(AF$2:AF$101,AG6)),""),AH5) | AI6: {=IF(AH6="","",IF(AH6<>AH5,1,IF(AI5=misLíneas-2,0,AI5+1)))} | AJ6: {=IF(OR(AI6=0,AI6=""),"",INDEX(misCriticidades,AH6)&"-"&IFERROR(MATCH(AI6,miOrdenTarjeta,0),0))} | AL6: =AL5--(AN5=0) -> 1 | AM6: =IF(AL6>AL5,IFERROR(IF(AO$1="v",SMALL(AK$2:AK$101,AL6),LARGE(AK$2:AK$101,AL6)),""),AM5) | AN6: {=IF(AM6="","",IF(AM6<>AM5,1,IF(AN5=misLíneas-2,0,AN5+1)))} | AO6: {=IF(OR(AN6=0,AN6=""),"",INDEX(misCriticidades,AM6)&"-"&IFERROR(MATCH(AN6,miOrdenTarjeta,0),0))} | AQ6: =AQ5--(AS5=0) -> 1 | AR6: =IF(AQ6>AQ5,IFERROR(IF(AT$1="v",SMALL(AP$2:AP$101,AQ6),LARGE(AP$2:AP$101,AQ6)),""),AR5) | AS6: {=IF(AR6="","",IF(AR6<>AR5,1,IF(AS5=misLíneas-2,0,AS5+1)))} | AT6: {=IF(OR(AS6=0,AS6=""),"",INDEX(misCriticidades,AR6)&"-"&IFERROR(MATCH(AS6,miOrdenTarjeta,0),0))} | AV6: =AV5--(AX5=0) -> 1 | AW6: =IF(AV6>AV5,IFERROR(IF(AY$1="v",SMALL(AU$2:AU$101,AV6),LARGE(AU$2:AU$101,AV6)),""),AW5) | AX6: {=IF(AW6="","",IF(AW6<>AW5,1,IF(AX5=misLíneas-2,0,AX5+1)))} | AY6: {=IF(OR(AX6=0,AX6=""),"",INDEX(misCriticidades,AW6)&"-"&IFERROR(MATCH(AX6,miOrdenTarjeta,0),0))}
